log_fl	modelname	target	optimizer	learning_rate	epoch	hidden1	hidden2	dropout	rotate	save_model	test_f1score	test_mcc	test_accuracy	test_precision	test_recall	test_tp	test_fp	test_tn	test_fn	test_threshold	val_auc	val_auprc	test_auc	test_auprc
convnetTop5Run_350.out	ImageNetInceptionV2	CHEMBL3473	RMSprop	0.001	30	0	0	0.6	0	1	0.92	0.83	0.92	0.9	0.95	179	21	157	10	0.11	0.96	0.97	0.97	0.96
convnetTop5Run_2566.out	ImageNetInceptionV2	CHEMBL4979	adam	0.001	30	0	0	0.6	0	1	0.9	0.75	0.87	0.82	0.98	61	13	34	1	0.1	0.93	0.96	0.94	0.94
convnetTop5Run_3195.out	ImageNetInceptionV2	CHEMBL298	adam	0.001	15	0	0	0.8	0	1	0.9	0.8	0.9	0.91	0.88	218	22	239	29	0.1	0.96	0.93	0.95	0.94
convnetTop5Run_1139.out	ImageNetInceptionV2	CHEMBL3649	adam	0.0005	30	0	0	0.6	0	1	0.93	0.8	0.91	0.91	0.94	106	10	58	7	0.7	0.93	0.96	0.94	0.96
convnetTop5Run_2864.out	CNNModel	CHEMBL1790	adam	0.0005	15	128	0	0.8	0	1	0.88	0.8	0.9	0.89	0.87	66	8	98	10	0.75	0.94	0.94	0.96	0.95
convnetTop5Run_3252.out	CNNModel	CHEMBL3048	adam	0.001	15	128	0	0.8	0	1	0.83	0.65	0.82	0.77	0.9	64	19	53	7	0.56	0.84	0.85	0.87	0.88
convnetTop5Run_2325.out	CNNModel	CHEMBL3426	adam	0.001	30	256	0	0.6	0	1	0.79	0.65	0.82	0.92	0.69	33	3	47	15	0.93	0.93	0.93	0.89	0.91
lowPerformedconvnetFinalRun_21488.out	CNNModel	CHEMBL4588	adam	0.0005	30	32	0	0.8	0	0	0.83	0.64	0.82	0.82	0.85	60	13	49	11	0.87	0.84	0.83	0.87	0.86
lowPerformedconvnetFinalRun_63366.out	ImageNetInceptionV2	CHEMBL202	adam	0.01	40	0	0	0.8	0	0	0.85	0.63	0.82	0.88	0.82	66	9	39	14	0.34	0.71	0.8	0.88	0.91
lowPerformedconvnetFinalRun_60503.out	ImageNetInceptionV2	CHEMBL3411	RMSprop	0.001	40	0	0	0.6	0	0	0.78	0.47	0.74	0.73	0.83	19	7	12	4	0.64	0.67	0.66	0.84	0.87
convnetTop5Run_3473.out	CNNModel	CHEMBL3234	adam	0.0005	15	32	0	0.8	0	1	0.77	0.6	0.8	0.79	0.76	44	12	61	14	0.89	0.88	0.87	0.86	0.84
convnetTop5Run_98.out	ImageNetInceptionV2	CHEMBL4564	adam	0.0001	15	0	0	0.6	0	1	0.95	0.9	0.95	0.95	0.95	20	1	20	1	0.88	0.91	0.91	1	1
lowPerformedconvnetFinalRun_47018.out	CNNModel	CHEMBL5543	adam	0.0005	40	16	0	0.8	0	0	0.76	0.69	0.84	1	0.62	13	0	28	8	0.95	0.94	0.94	0.93	0.94
convnetTop5Run_253.out	CNNModel	CHEMBL2127	adam	0.0005	30	256	0	0.8	0	1	0.99	0.97	0.98	1	0.98	42	0	22	1	1	0.99	0.99	0.99	1
convnetTop5Run_1086.out	ImageNetInceptionV2	CHEMBL3921	adam	0.0001	15	0	0	0.8	0	1	0.95	0.92	0.96	1	0.91	21	0	25	2	1	0.97	0.97	0.98	0.99
convnetTop5Run_3010.out	CNNModel	CHEMBL4068	adam	0.001	15	256	0	0.8	0	1	0.86	0.74	0.86	0.78	0.97	70	20	64	2	0.15	0.91	0.91	0.93	0.9
convnetTop5Run_1568.out	CNNModel	CHEMBL5409	adam	0.0005	15	32	0	0.8	0	1	0.86	0.7	0.84	0.95	0.78	39	2	31	11	0.77	0.91	0.89	0.95	0.97
convnetTop5Run_947.out	ImageNetInceptionV2	CHEMBL1293289	adam	0.001	5	0	0	0.6	0	1	0.83	0.69	0.84	0.76	0.91	39	12	47	4	0.99	0.9	0.88	0.91	0.87
convnetTop5Run_3175.out	ImageNetInceptionV2	CHEMBL4653	adam	0.001	30	0	0	0.6	0	1	0.84	0.62	0.81	0.79	0.9	38	10	23	4	1	0.94	0.97	0.88	0.91
convnetTop5Run_2340.out	CNNModel	CHEMBL215	adam	0.0005	15	32	0	0.8	0	1	0.79	0.6	0.78	0.9	0.69	66	7	65	29	0.33	0.74	0.81	0.82	0.88
convnetTop5Run_3428.out	CNNModel	CHEMBL3401	adam	0.0005	30	32	0	0.6	0	1	0.78	0.59	0.79	0.84	0.73	16	3	18	6	0.61	0.88	0.85	0.86	0.85
convnetTop5Run_814.out	ImageNetInceptionV2	CHEMBL309	adam	0.0005	15	0	0	0.6	0	1	0.82	0.65	0.82	0.84	0.79	62	12	68	16	0.02	0.85	0.89	0.9	0.91
lowPerformedconvnetFinalRun_35944.out	CNNModel	CHEMBL3837	adam	0.001	30	256	0	0.8	0	0	0.75	0.48	0.73	0.86	0.67	24	4	19	12	0.85	0.76	0.79	0.79	0.88
convnetTop5Run_36.out	CNNModel	CHEMBL1868	adam	0.0005	15	256	0	0.8	0	1	0.8	0.67	0.83	0.9	0.72	89	10	132	34	0.7	0.92	0.92	0.91	0.91
convnetTop5Run_2885.out	ImageNetInceptionV2	CHEMBL5815	adam	0.001	15	0	0	0.6	0	1	1	1	1	1	1	23	0	20	0	0.63	1	1	1	1
convnetTop5Run_1772.out	CNNModel	CHEMBL5314	adam	0.001	30	256	0	0.6	0	1	0.86	0.76	0.88	0.89	0.84	31	4	43	6	0.97	0.91	0.94	0.93	0.92
convnetTop5Run_462.out	ImageNetInceptionV2	CHEMBL1860	adam	0.0005	15	0	0	0.8	0	1	0.88	0.76	0.88	0.89	0.86	50	6	51	8	0.01	0.94	0.96	0.95	0.94
lowPerformedconvnetFinalRun_32257.out	CNNModel	CHEMBL2664	adam	0.0005	30	16	0	0.6	0	0	1	1	1	1	1	1	0	12	0	0.64	0.83	0.67	1	1
convnetTop5Run_616.out	ImageNetInceptionV2	CHEMBL251	RMSprop	0.001	15	0	0	0.6	0	1	0.92	0.83	0.91	0.91	0.94	648	67	522	44	0.01	0.96	0.95	0.96	0.95
lowPerformedconvnetFinalRun_30430.out	ImageNetInceptionV2	CHEMBL2487	adam	0.005	30	0	0	0.8	0	0	0.74	0.54	0.71	0.58	1	7	5	5	0	0.93	0.65	0.65	0.94	0.95
lowPerformedconvnetFinalRun_47162.out	ImageNetInceptionV2	CHEMBL1952	adam	0.0001	40	0	0	0.8	0	0	0.86	0.71	0.86	0.86	0.86	6	1	6	1	0.74	0.8	0.71	0.96	0.96
convnetTop5Run_467.out	ImageNetInceptionV2	CHEMBL224	RMSprop	0.0005	15	0	0	0.6	0	1	0.87	0.75	0.87	0.92	0.82	549	48	606	119	0.81	0.93	0.93	0.94	0.94
lowPerformedconvnetFinalRun_29897.out	ImageNetInceptionV2	CHEMBL3880	momentum	0.0005	30	0	0	0.6	0	0	0.87	0.75	0.87	0.94	0.81	17	1	16	4	0.62	0.75	0.78	0.93	0.96
convnetTop5Run_3369.out	ImageNetInceptionV2	CHEMBL3385	adam	0.0001	15	0	0	0.6	0	1	0.82	0.66	0.83	0.84	0.8	16	3	18	4	0.98	0.85	0.84	0.89	0.87
convnetTop5Run_1430.out	CNNModel	CHEMBL320	adam	0.0005	15	128	0	0.8	0	1	0.78	0.59	0.79	0.77	0.79	23	7	27	6	0.77	0.79	0.79	0.83	0.86
convnetTop5Run_1375.out	CNNModel	CHEMBL285	adam	0.0005	30	128	0	0.8	0	1	0.88	0.71	0.86	0.85	0.9	63	11	46	7	0.33	0.87	0.9	0.9	0.92
convnetTop5Run_2092.out	ImageNetInceptionV2	CHEMBL4461	adam	0.0001	30	0	0	0.6	0	1	0.82	0.59	0.79	0.74	0.92	23	8	14	2	0.07	0.87	0.85	0.88	0.9
convnetTop5Run_1338.out	ImageNetInceptionV2	CHEMBL4527	RMSprop	0.0005	30	0	0	0.6	0	1	0.86	0.73	0.86	0.96	0.77	24	1	24	7	0.86	0.9	0.92	0.94	0.96
convnetTop5Run_1621.out	ImageNetInceptionV2	CHEMBL5141	adam	0.0005	15	0	0	0.6	0	1	0.93	0.85	0.92	0.9	0.96	27	3	22	1	0.02	0.88	0.86	0.96	0.96
convnetTop5Run_2794.out	ImageNetInceptionV2	CHEMBL5888	adam	0.001	5	0	0	0.6	0	1	0.98	0.97	0.98	1	0.96	105	0	125	4	0.99	0.99	0.99	1	1
convnetTop5Run_1858.out	ImageNetInceptionV2	CHEMBL5443	adam	0.0005	15	0	0	0.8	0	1	0.89	0.79	0.9	0.87	0.91	52	8	60	5	0.05	0.91	0.91	0.92	0.91
convnetTop5Run_235.out	ImageNetInceptionV2	CHEMBL260	adam	0.001	15	0	0	0.8	0	1	0.88	0.76	0.88	0.9	0.85	583	62	613	102	0.72	0.94	0.94	0.94	0.94
convnetTop5Run_3442.out	ImageNetInceptionV2	CHEMBL2414	adam	0.0005	30	0	0	0.6	0	1	0.8	0.59	0.79	0.86	0.75	43	7	36	14	0.47	0.87	0.91	0.83	0.86
convnetTop5Run_1633.out	CNNModel	CHEMBL3764	adam	0.001	15	256	0	0.8	0	1	0.87	0.75	0.87	0.88	0.86	68	9	69	11	0.52	0.92	0.94	0.93	0.94
convnetTop5Run_3516.out	CNNModel	CHEMBL1792	adam	0.001	30	256	0	0.6	0	1	0.94	0.88	0.94	0.96	0.93	141	6	129	11	0.8	0.97	0.98	0.97	0.98
convnetTop5Run_2150.out	CNNModel	CHEMBL4892	adam	0.0005	15	128	0	0.6	0	1	0.73	0.59	0.8	0.82	0.66	23	5	46	12	0.62	0.83	0.82	0.82	0.78
convnetTop5Run_890.out	ImageNetInceptionV2	CHEMBL3369	RMSprop	0.0005	15	0	0	0.6	0	1	0.86	0.63	0.81	0.77	0.97	33	10	15	1	0.62	0.78	0.8	0.83	0.86
lowPerformedconvnetFinalRun_36002.out	ImageNetInceptionV2	CHEMBL4072	adam	0.0001	30	0	0	0.8	0	0	0.83	0.59	0.8	0.85	0.81	17	3	11	4	0.07	0.87	0.82	0.83	0.84
convnetTop5Run_2666.out	ImageNetInceptionV2	CHEMBL5413	adam	0.0005	15	0	0	0.6	0	1	0.96	0.92	0.96	0.98	0.95	39	1	34	2	0.87	0.96	0.98	0.99	0.99
lowPerformedconvnetFinalRun_27849.out	CNNModel	CHEMBL2409	adam	0.005	30	256	0	0.6	0	0	0.95	0.83	0.93	1	0.91	10	0	3	1	0.74	0.85	0.94	1	1
convnetTop5Run_2110.out	CNNModel	CHEMBL1947	adam	0.001	15	256	0	0.6	0	1	0.89	0.8	0.9	0.93	0.86	67	5	78	11	0.27	0.95	0.95	0.97	0.97
convnetTop5Run_997.out	CNNModel	CHEMBL210	RMSprop	0.001	30	128	0	0.6	0	1	0.88	0.77	0.88	0.84	0.92	134	25	134	11	0.98	0.93	0.91	0.95	0.95
lowPerformedconvnetFinalRun_23041.out	ImageNetInceptionV2	CHEMBL5011	adam	0.0001	30	0	0	0.6	0	0	0.59	0.23	0.46	1	0.42	5	0	1	7	0.18	0.83	0.9	1	1
convnetTop5Run_2436.out	CNNModel	CHEMBL4140	adam	0.001	30	128	0	0.8	0	1	0.89	0.74	0.88	0.89	0.89	33	4	23	4	0.87	0.92	0.85	0.91	0.87
convnetTop5Run_703.out	CNNModel	CHEMBL2327	adam	0.0005	15	128	0	0.8	0	1	0.9	0.82	0.91	0.93	0.88	139	11	167	19	0.68	0.96	0.97	0.96	0.96
convnetTop5Run_3118.out	CNNModel	CHEMBL4296	adam	0.0005	30	256	0	0.6	0	1	0.88	0.72	0.86	0.88	0.89	105	15	73	13	0.97	0.93	0.95	0.91	0.91
lowPerformedconvnetFinalRun_34757.out	ImageNetInceptionV2	CHEMBL2331	momentum	0.0005	30	0	0	0.6	0	0	1	1	1	1	1	6	0	7	0	0.62	0.97	0.99	1	1
convnetTop5Run_1962.out	ImageNetInceptionV2	CHEMBL1075051	adam	0.0005	15	0	0	0.8	0	1	0.9	0.76	0.88	0.9	0.9	27	3	18	3	0.02	0.9	0.9	0.94	0.95
convnetTop5Run_1576.out	ImageNetInceptionV2	CHEMBL2003	adam	0.0005	15	0	0	0.6	0	1	0.9	0.77	0.89	0.86	0.95	37	6	25	2	1	0.99	0.99	0.97	0.98
convnetTop5Run_166.out	CNNModel	CHEMBL6009	adam	0.0005	30	128	0	0.6	0	1	0.95	0.86	0.94	0.92	0.98	61	5	29	1	0.64	0.99	0.99	0.99	0.99
convnetTop5Run_1026.out	ImageNetInceptionV2	CHEMBL1824	adam	0.0005	5	0	0	0.6	0	1	0.83	0.65	0.83	0.84	0.81	202	39	201	46	0.87	0.89	0.89	0.91	0.92
convnetTop5Run_1017.out	CNNModel	CHEMBL5570	adam	0.0005	30	128	0	0.6	0	1	0.94	0.9	0.95	0.94	0.94	32	2	48	2	0.37	0.97	0.98	0.98	0.98
lowPerformedconvnetFinalRun_62489.out	ImageNetInceptionV2	CHEMBL2622	RMSprop	0.005	40	0	0	0.6	0	0	0.77	0.51	0.75	0.74	0.79	77	27	66	20	0.03	0.75	0.72	0.83	0.85
convnetTop5Run_2783.out	CNNModel	CHEMBL2146302	adam	0.0005	15	256	0	0.8	0	1	0.97	0.91	0.96	0.95	1	56	3	22	0	0.63	0.97	0.98	0.96	0.98
convnetTop5Run_432.out	ImageNetInceptionV2	CHEMBL2014	adam	0.001	15	0	0	0.8	0	1	0.92	0.85	0.93	0.94	0.91	244	16	264	24	0.61	0.97	0.97	0.97	0.97
convnetTop5Run_558.out	ImageNetInceptionV2	CHEMBL2808	adam	0.0005	5	0	0	0.8	0	1	0.88	0.77	0.88	0.85	0.93	99	18	101	8	0.01	0.94	0.92	0.94	0.93
convnetTop5Run_2625.out	CNNModel	CHEMBL267	adam	0.0001	30	256	0	0.6	0	1	0.8	0.61	0.8	0.85	0.75	380	68	389	124	0.64	0.86	0.86	0.88	0.89
lowPerformedconvnetFinalRun_7893.out	CNNModel	CHEMBL4235	adam	0.001	15	512	0	0.6	0	0	0.82	0.54	0.78	0.83	0.8	53	11	32	13	0.76	0.84	0.84	0.9	0.94
lowPerformedconvnetFinalRun_24301.out	ImageNetInceptionV2	CHEMBL6164	adam	0.0001	30	0	0	0.6	0	0	0.95	0.93	0.97	0.9	1	9	1	20	0	0.79	0.96	0.92	1	1
convnetTop5Run_2945.out	CNNModel	CHEMBL2265	adam	0.0005	30	32	0	0.6	0	1	0.84	0.73	0.86	0.95	0.76	35	2	43	11	0.87	0.87	0.9	0.95	0.96
convnetTop5Run_1988.out	ImageNetInceptionV2	CHEMBL1946	adam	0.0005	15	0	0	0.6	0	1	0.92	0.84	0.92	0.97	0.87	136	4	145	21	0.27	0.97	0.97	0.98	0.98
convnetTop5Run_249.out	CNNModel	CHEMBL2176771	adam	0.001	15	256	0	0.8	0	1	0.95	0.9	0.95	0.99	0.91	136	2	137	13	0.27	0.99	0.99	0.99	0.99
lowPerformedconvnetFinalRun_32403.out	ImageNetInceptionV2	CHEMBL3746	adam	0.001	30	0	0	0.6	0	0	0.91	0.83	0.91	1	0.83	5	0	5	1	0.11	0.79	0.79	1	1
convnetTop5Run_2523.out	CNNModel	CHEMBL2815	adam	0.0005	15	32	0	0.8	0	1	0.9	0.81	0.9	0.97	0.84	201	6	218	39	0.98	0.94	0.96	0.97	0.98
lowPerformedconvnetFinalRun_25984.out	CNNModel	CHEMBL3145	adam	0.001	30	32	0	0.8	0	0	0.7	0.51	0.72	0.9	0.58	19	2	23	14	0.63	0.71	0.78	0.86	0.9
convnetTop5Run_370.out	CNNModel	CHEMBL4017	RMSprop	0.0005	30	32	0	0.6	0	1	0.97	0.94	0.97	0.97	0.98	57	2	46	1	0.21	0.99	0.99	1	1
convnetTop5Run_937.out	CNNModel	CHEMBL6141	adam	0.0005	30	32	0	0.6	0	1	0.87	0.7	0.85	0.82	0.93	83	18	55	6	0.94	0.9	0.94	0.89	0.89
convnetTop5Run_1610.out	ImageNetInceptionV2	CHEMBL279	adam	0.0005	15	0	0	0.8	0	1	0.86	0.66	0.83	0.87	0.84	835	128	568	155	0.92	0.91	0.93	0.9	0.92
convnetTop5Run_2833.out	ImageNetInceptionV2	CHEMBL2695	RMSprop	0.001	15	0	0	0.6	0	1	0.85	0.74	0.86	0.96	0.76	157	6	192	50	0.57	0.94	0.96	0.94	0.96
lowPerformedconvnetFinalRun_36183.out	ImageNetInceptionV2	CHEMBL3729	adam	0.001	30	0	0	0.6	0	0	0.18	0.24	0.61	1	0.1	2	0	26	18	0.95	0.6	0.64	0.85	0.81
convnetTop5Run_3505.out	CNNModel	CHEMBL3553	adam	0.0005	30	256	0	0.8	0	1	0.73	0.56	0.78	0.83	0.66	57	12	90	30	1	0.88	0.9	0.88	0.88
convnetTop5Run_495.out	CNNModel	CHEMBL4980	adam	0.001	30	32	0	0.8	0	1	0.79	0.61	0.8	0.88	0.72	50	7	52	19	0.91	0.92	0.93	0.89	0.91
convnetTop5Run_3457.out	CNNModel	CHEMBL288	adam	0.0005	30	32	0	0.8	0	1	0.85	0.64	0.82	0.9	0.79	93	10	61	24	0.98	0.83	0.88	0.89	0.92
convnetTop5Run_3320.out	ImageNetInceptionV2	CHEMBL1829	adam	0.0005	30	0	0	0.6	0	1	0.86	0.56	0.81	0.8	0.93	90	22	30	7	0.98	0.75	0.78	0.8	0.86
lowPerformedconvnetFinalRun_6483.out	ImageNetInceptionV2	CHEMBL262	adam	0.001	15	0	0	0.6	0	0	0.74	0.55	0.77	0.84	0.67	249	49	327	123	0.92	0.8	0.82	0.85	0.86
convnetTop5Run_917.out	CNNModel	CHEMBL4599	adam	0.001	15	32	0	0.6	0	1	0.94	0.88	0.94	0.99	0.89	74	1	74	9	0.94	0.97	0.98	0.99	0.99
lowPerformedconvnetFinalRun_47522.out	ImageNetInceptionV2	CHEMBL2488	adam	0.0001	40	0	0	0.8	0	0	0.8	0.75	0.88	1	0.67	4	0	10	2	0.93	0.87	0.9	1	1
lowPerformedconvnetFinalRun_34353.out	CNNModel	CHEMBL4102	adam	0.001	30	512	0	0.6	0	0	0.81	0.55	0.78	0.75	0.89	24	8	14	3	0.43	0.73	0.78	0.85	0.85
convnetTop5Run_1843.out	CNNModel	CHEMBL2321627	adam	0.001	15	128	0	0.8	0	1	1	1	1	1	1	27	0	35	0	0.38	1	1	1	1
convnetTop5Run_574.out	CNNModel	CHEMBL228	adam	0.0005	30	256	0	0.6	0	1	0.81	0.62	0.81	0.85	0.78	94	16	90	27	0.97	0.86	0.86	0.89	0.9
lowPerformedconvnetFinalRun_21613.out	ImageNetInceptionV2	CHEMBL6184	momentum	0.001	30	0	0	0.6	0	0	0.79	0.64	0.78	1	0.65	13	0	12	7	0.97	0.8	0.87	0.93	0.97
convnetTop5Run_2560.out	ImageNetInceptionV2	CHEMBL3459	adam	0.0001	15	0	0	0.8	0	1	0.75	0.61	0.78	0.95	0.61	38	2	56	24	0.07	0.87	0.86	0.92	0.91
convnetTop5Run_2254.out	ImageNetInceptionV2	CHEMBL4641	adam	0.0005	15	0	0	0.6	0	1	0.87	0.78	0.88	0.97	0.79	38	1	43	10	0.02	0.95	0.95	0.98	0.98
convnetTop5Run_1406.out	CNNModel	CHEMBL3403	adam	0.0005	30	128	0	0.6	0	1	0.7	0.61	0.77	1	0.54	13	0	24	11	0.77	0.69	0.79	0.85	0.88
convnetTop5Run_309.out	CNNModel	CHEMBL1163101	adam	0.0005	30	256	0	0.8	0	1	0.88	0.77	0.88	0.96	0.81	52	2	48	12	0.58	0.94	0.96	0.91	0.94
convnetTop5Run_2634.out	CNNModel	CHEMBL254	adam	0.0005	30	256	0	0.6	0	1	0.91	0.76	0.89	0.91	0.91	104	10	56	10	0.14	0.9	0.94	0.94	0.96
convnetTop5Run_313.out	ImageNetInceptionV2	CHEMBL1255149	adam	0.001	15	0	0	0.6	0	1	0.89	0.8	0.89	0.83	0.97	29	6	30	1	0.05	0.93	0.94	0.97	0.96
convnetTop5Run_1071.out	ImageNetInceptionV2	CHEMBL4018	adam	0.001	30	0	0	0.6	0	1	0.93	0.86	0.93	0.91	0.95	52	5	53	3	0.25	0.95	0.96	0.97	0.97
convnetTop5Run_497.out	ImageNetInceptionV2	CHEMBL5645	adam	0.001	30	0	0	0.6	0	1	0.93	0.88	0.94	0.96	0.91	70	3	84	7	0.6	0.99	0.99	0.96	0.97
convnetTop5Run_3385.out	CNNModel	CHEMBL2828	adam	0.001	30	256	0	0.6	0	1	0.75	0.62	0.8	0.91	0.65	20	2	33	11	0.99	0.85	0.91	0.93	0.92
convnetTop5Run_1044.out	ImageNetInceptionV2	CHEMBL1805	adam	0.001	15	0	0	0.6	0	1	0.86	0.77	0.87	0.76	1	19	6	21	0	0.12	0.94	0.94	0.93	0.89
lowPerformedconvnetFinalRun_28094.out	ImageNetInceptionV2	CHEMBL3776	momentum	0.001	30	0	0	0.8	0	0	0.77	0.53	0.71	0.62	1	10	6	5	0	0.4	0.88	0.9	1	1
convnetTop5Run_3512.out	ImageNetInceptionV2	CHEMBL4427	adam	0.0005	15	0	0	0.6	0	1	0.88	0.75	0.87	0.84	0.93	63	12	55	5	1	0.92	0.91	0.96	0.96
lowPerformedconvnetFinalRun_26300.out	ImageNetInceptionV2	CHEMBL2590	momentum	0.005	30	0	0	0.8	0	0	0.8	0.68	0.81	0.67	1	18	9	20	0	0.05	0.87	0.8	0.96	0.93
lowPerformedconvnetFinalRun_1838.out	CNNModel	CHEMBL3358	adam	0.0005	15	16	0	0.8	0	0	0.82	0.63	0.82	0.85	0.79	93	16	84	24	0.43	0.82	0.86	0.88	0.9
convnetTop5Run_2444.out	ImageNetInceptionV2	CHEMBL1836	adam	0.0005	15	0	0	0.8	0	1	0.92	0.83	0.92	0.9	0.93	84	9	79	6	0.87	0.96	0.95	0.96	0.97
convnetTop5Run_2392.out	CNNModel	CHEMBL3399910	adam	0.001	30	256	0	0.6	0	1	1	1	1	1	1	34	0	41	0	0.7	0.99	0.99	1	1
convnetTop5Run_2773.out	CNNModel	CHEMBL203	RMSprop	0.0005	15	128	0	0.8	0	1	0.83	0.62	0.81	0.87	0.78	639	93	515	176	0.61	0.88	0.91	0.89	0.92
convnetTop5Run_1008.out	ImageNetInceptionV2	CHEMBL4408	adam	0.0005	15	0	0	0.8	0	1	0.89	0.81	0.9	0.91	0.88	21	2	26	3	0.52	0.99	0.99	0.93	0.94
convnetTop5Run_2777.out	CNNModel	CHEMBL4282	adam	0.0001	30	256	0	0.8	0	1	0.91	0.82	0.91	0.92	0.9	375	31	376	42	0.63	0.95	0.96	0.96	0.97
lowPerformedconvnetFinalRun_3214.out	CNNModel	CHEMBL3943	adam	0.001	15	512	0	0.8	0	0	0.73	0.61	0.78	0.97	0.58	28	1	48	20	0.98	0.89	0.9	0.93	0.94
convnetTop5Run_3285.out	CNNModel	CHEMBL4040	adam	0.0005	15	32	0	0.6	0	1	0.9	0.83	0.91	0.96	0.84	173	7	227	32	0.98	0.94	0.95	0.95	0.96
convnetTop5Run_2058.out	ImageNetInceptionV2	CHEMBL3923	adam	0.001	15	0	0	0.8	0	1	0.92	0.85	0.92	0.97	0.88	29	1	30	4	1	0.98	0.98	0.97	0.98
convnetTop5Run_2618.out	CNNModel	CHEMBL2598	adam	0.001	30	32	0	0.8	0	1	0.95	0.91	0.95	0.98	0.93	88	2	91	7	1	0.99	0.99	0.99	0.99
convnetTop5Run_1349.out	ImageNetInceptionV2	CHEMBL4015	RMSprop	0.001	15	0	0	0.8	0	1	0.94	0.88	0.94	0.91	0.96	253	24	282	11	0.98	0.98	0.98	0.98	0.98
convnetTop5Run_2561.out	ImageNetInceptionV2	CHEMBL2318	adam	0.001	30	0	0	0.8	0	1	0.9	0.79	0.9	0.93	0.87	27	2	25	4	0.75	0.82	0.88	0.92	0.92
convnetTop5Run_1457.out	CNNModel	CHEMBL330	adam	0.001	15	128	0	0.6	0	1	0.9	0.74	0.88	0.9	0.9	99	11	57	11	0.28	0.89	0.94	0.94	0.96
convnetTop5Run_3496.out	CNNModel	CHEMBL3157	adam	0.0005	15	32	0	0.8	0	1	0.93	0.85	0.93	0.89	0.97	90	11	84	3	0.88	0.96	0.96	0.97	0.97
convnetTop5Run_2739.out	ImageNetInceptionV2	CHEMBL1955	adam	0.001	15	0	0	0.8	0	1	0.74	0.61	0.82	0.68	0.81	21	10	48	5	0.79	0.88	0.73	0.88	0.7
convnetTop5Run_2755.out	CNNModel	CHEMBL5855	adam	0.0001	15	32	0	0.6	0	1	0.96	0.92	0.96	1	0.92	45	0	47	4	0.75	0.99	0.99	0.99	0.99
convnetTop5Run_2896.out	ImageNetInceptionV2	CHEMBL3912	adam	0.0001	15	0	0	0.6	0	1	0.77	0.66	0.82	0.96	0.65	24	1	38	13	0.77	0.8	0.8	0.84	0.88
convnetTop5Run_3149.out	CNNModel	CHEMBL275	adam	0.001	30	32	0	0.8	0	1	0.82	0.56	0.79	0.81	0.84	81	19	48	16	0.94	0.89	0.92	0.83	0.86
convnetTop5Run_606.out	ImageNetInceptionV2	CHEMBL3004	adam	0.0005	30	0	0	0.6	0	1	0.74	0.65	0.83	0.93	0.61	14	1	35	9	0.25	0.82	0.69	0.82	0.79
convnetTop5Run_976.out	ImageNetInceptionV2	CHEMBL4489	adam	0.0001	15	0	0	0.8	0	1	0.98	0.96	0.98	1	0.96	25	0	24	1	0.76	0.97	0.94	0.99	0.99
convnetTop5Run_1783.out	CNNModel	CHEMBL1255126	adam	0.0005	30	32	0	0.6	0	1	0.77	0.59	0.75	0.62	1	23	14	18	0	0.05	0.87	0.84	0.87	0.8
convnetTop5Run_601.out	ImageNetInceptionV2	CHEMBL2008	adam	0.001	15	0	0	0.6	0	1	0.96	0.92	0.96	0.94	0.97	32	2	39	1	0.67	0.97	0.97	0.99	0.99
convnetTop5Run_226.out	CNNModel	CHEMBL4029	adam	0.001	30	256	0	0.8	0	1	0.92	0.82	0.91	0.89	0.94	49	6	41	3	0.23	0.97	0.98	0.96	0.97
lowPerformedconvnetFinalRun_32614.out	CNNModel	CHEMBL4203	adam	0.001	30	16	0	0.8	0	0	0.87	0.7	0.85	0.83	0.91	10	2	7	1	0.61	0.62	0.7	0.92	0.94
convnetTop5Run_534.out	CNNModel	CHEMBL5251	adam	0.001	30	32	0	0.8	0	1	0.92	0.84	0.92	0.95	0.89	117	6	117	14	0.75	0.97	0.96	0.96	0.97
convnetTop5Run_293.out	CNNModel	CHEMBL1075145	adam	0.0005	30	128	0	0.8	0	1	0.94	0.89	0.95	1	0.88	38	0	48	5	0.98	0.97	0.98	0.95	0.97
convnetTop5Run_2279.out	CNNModel	CHEMBL222	adam	0.0005	30	32	0	0.8	0	1	0.83	0.56	0.79	0.87	0.8	141	22	78	36	0.83	0.84	0.86	0.82	0.87
convnetTop5Run_960.out	CNNModel	CHEMBL2461	adam	0.001	30	128	0	0.8	0	1	0.94	0.85	0.92	0.88	1	30	4	19	0	0.14	0.93	0.94	0.99	0.99
lowPerformedconvnetFinalRun_61404.out	ImageNetInceptionV2	CHEMBL221	RMSprop	0.001	40	0	0	0.8	0	0	0.76	0.45	0.72	0.69	0.84	129	58	85	24	0.05	0.76	0.7	0.82	0.83
convnetTop5Run_2663.out	ImageNetInceptionV2	CHEMBL3308	adam	0.001	15	0	0	0.6	0	1	0.72	0.56	0.77	0.88	0.61	14	2	23	9	0.2	0.78	0.71	0.72	0.77
convnetTop5Run_820.out	CNNModel	CHEMBL3227	adam	0.001	30	128	0	0.6	0	1	0.95	0.85	0.93	0.92	0.98	78	7	41	2	0.36	0.94	0.94	0.98	0.98
convnetTop5Run_2690.out	CNNModel	CHEMBL2345	adam	0.0001	30	256	0	0.6	0	1	0.86	0.73	0.86	0.93	0.8	52	4	51	13	0.75	0.92	0.94	0.94	0.96
lowPerformedconvnetFinalRun_62649.out	ImageNetInceptionV2	CHEMBL2366	adam	0.005	40	0	0	0.6	0	0	0.79	0.49	0.75	0.87	0.72	26	4	15	10	0.28	0.83	0.87	0.83	0.89
convnetTop5Run_772.out	ImageNetInceptionV2	CHEMBL4816	adam	0.0005	15	0	0	0.8	0	1	0.88	0.76	0.87	0.81	0.97	38	9	31	1	0.46	0.9	0.85	0.92	0.86
convnetTop5Run_3454.out	ImageNetInceptionV2	CHEMBL218	adam	0.001	15	0	0	0.6	0	1	0.92	0.84	0.92	0.92	0.92	565	48	549	49	0.61	0.97	0.97	0.97	0.97
convnetTop5Run_1293.out	CNNModel	CHEMBL1804	adam	0.0005	15	32	0	0.8	0	1	0.94	0.88	0.94	0.93	0.95	114	9	115	6	0.28	0.97	0.97	0.98	0.98
convnetTop5Run_45.out	ImageNetInceptionV2	CHEMBL3122	adam	0.0001	30	0	0	0.8	0	1	0.87	0.74	0.87	0.83	0.92	24	5	21	2	0.09	0.88	0.86	0.94	0.96
convnetTop5Run_2135.out	CNNModel	CHEMBL4080	adam	0.001	30	128	0	0.8	0	1	0.88	0.8	0.89	0.96	0.82	23	1	28	5	0.99	0.95	0.97	0.96	0.96
lowPerformedconvnetFinalRun_47913.out	CNNModel	CHEMBL2391	adam	0.001	40	16	0	0.6	0	0	0	0	0.62	0	0	0	0	5	3	0.95	0.58	0.64	1	1
convnetTop5Run_724.out	CNNModel	CHEMBL1983	adam	0.0005	15	32	0	0.6	0	1	0.88	0.78	0.89	0.92	0.85	183	16	203	32	0.99	0.95	0.95	0.95	0.96
lowPerformedconvnetFinalRun_43239.out	CNNModel	CHEMBL4302	adam	0.005	40	16	0	0.6	0	0	0.85	0.49	0.79	0.81	0.9	55	13	16	6	0.2	0.78	0.88	0.88	0.93
convnetTop5Run_427.out	CNNModel	CHEMBL324	RMSprop	0.0005	30	128	0	0.8	0	1	0.8	0.66	0.82	0.92	0.71	73	6	89	30	0.74	0.93	0.93	0.92	0.92
convnetTop5Run_1471.out	ImageNetInceptionV2	CHEMBL4722	adam	0.001	15	0	0	0.8	0	1	0.85	0.71	0.85	0.89	0.81	366	45	398	88	0.47	0.91	0.9	0.93	0.92
convnetTop5Run_2074.out	ImageNetInceptionV2	CHEMBL4897	adam	0.001	15	0	0	0.8	0	1	0.93	0.86	0.93	0.91	0.95	20	2	19	1	0.09	0.94	0.82	0.94	0.86
convnetTop5Run_2089.out	CNNModel	CHEMBL4315	adam	0.001	30	128	0	0.6	0	1	0.91	0.85	0.92	0.98	0.85	52	1	68	9	0.97	0.96	0.97	0.99	0.99
convnetTop5Run_2825.out	CNNModel	CHEMBL227	adam	0.001	30	128	0	0.6	0	1	0.93	0.87	0.93	0.95	0.92	125	7	125	11	0.95	0.97	0.97	0.98	0.98
convnetTop5Run_1423.out	CNNModel	CHEMBL261	adam	0.0005	30	256	0	0.6	0	1	0.77	0.56	0.76	0.89	0.68	79	10	73	37	0.99	0.83	0.91	0.83	0.88
convnetTop5Run_3257.out	CNNModel	CHEMBL326	adam	0.0005	30	128	0	0.8	0	1	0.92	0.88	0.94	1	0.85	34	0	65	6	0.98	0.97	0.96	0.99	0.98
convnetTop5Run_262.out	CNNModel	CHEMBL283	RMSprop	0.001	30	32	0	0.6	0	1	0.86	0.65	0.83	0.82	0.9	161	36	99	17	0.38	0.87	0.89	0.89	0.89
convnetTop5Run_2763.out	CNNModel	CHEMBL2868	adam	0.0005	30	32	0	0.6	0	1	0.95	0.91	0.95	0.91	1	59	6	59	0	0.05	0.97	0.96	0.97	0.97
convnetTop5Run_2343.out	CNNModel	CHEMBL4441	adam	0.0005	15	128	0	0.8	0	1	0.9	0.82	0.91	0.91	0.89	117	11	133	14	0.15	0.95	0.96	0.96	0.96
lowPerformedconvnetFinalRun_49747.out	CNNModel	CHEMBL238	adam	0.0005	40	32	0	0.6	0	0	0.65	0.47	0.72	0.84	0.52	32	6	59	29	0.98	0.84	0.87	0.9	0.89
convnetTop5Run_2047.out	ImageNetInceptionV2	CHEMBL3863	adam	0.0005	15	0	0	0.6	0	1	0.86	0.75	0.88	0.86	0.86	19	3	24	3	0.74	0.95	0.94	0.89	0.87
lowPerformedconvnetFinalRun_33633.out	CNNModel	CHEMBL1841	adam	0.001	30	512	0	0.6	0	0	0.62	0.59	0.81	1	0.45	5	0	21	6	0.31	0.69	0.56	0.93	0.89
convnetTop5Run_995.out	CNNModel	CHEMBL3942	adam	0.0005	30	32	0	0.6	0	1	0.94	0.87	0.93	0.89	1	32	4	22	0	0.76	0.97	0.93	0.98	0.99
convnetTop5Run_1167.out	ImageNetInceptionV2	CHEMBL4027	adam	0.0005	15	0	0	0.6	0	1	0.94	0.87	0.93	0.95	0.93	38	2	32	3	0.99	0.94	0.91	0.96	0.98
lowPerformedconvnetFinalRun_48094.out	CNNModel	CHEMBL4685	adam	0.001	40	16	0	0.8	0	0	0.76	0.28	0.63	0.61	1	11	7	1	0	0.09	0.62	0.68	0.94	0.97
convnetTop5Run_2531.out	CNNModel	CHEMBL2056	adam	0.0005	30	32	0	0.6	0	1	0.85	0.71	0.86	0.83	0.87	140	28	149	21	0.3	0.93	0.93	0.93	0.93
convnetTop5Run_2797.out	ImageNetInceptionV2	CHEMBL4578	RMSprop	0.0001	15	0	0	0.8	0	1	0.95	0.91	0.95	0.97	0.93	138	4	151	10	0.63	0.98	0.99	0.98	0.99
convnetTop5Run_1238.out	CNNModel	CHEMBL2000	adam	0.0005	30	256	0	0.6	0	1	0.82	0.71	0.85	0.94	0.73	32	2	46	12	0.79	0.92	0.93	0.93	0.93
convnetTop5Run_2064.out	CNNModel	CHEMBL4761	adam	0.001	30	128	0	0.8	0	1	0.88	0.68	0.85	0.88	0.88	21	3	12	3	0.87	0.84	0.79	0.85	0.88
convnetTop5Run_1749.out	CNNModel	CHEMBL4016	adam	0.0005	30	128	0	0.8	0	1	0.83	0.61	0.8	0.76	0.91	29	9	20	3	0.07	0.79	0.7	0.88	0.9
convnetTop5Run_2513.out	CNNModel	CHEMBL2272	adam	0.0005	15	256	0	0.6	0	1	0.96	0.93	0.96	0.92	1	24	2	31	0	0.3	0.99	0.99	1	1
convnetTop5Run_621.out	CNNModel	CHEMBL1744525	adam	0.0005	15	128	0	0.8	0	1	0.93	0.87	0.93	0.9	0.95	63	7	77	3	0.81	0.98	0.98	0.98	0.97
convnetTop5Run_363.out	ImageNetInceptionV2	CHEMBL4607	adam	0.0001	30	0	0	0.6	0	1	0.92	0.82	0.91	0.91	0.92	73	7	57	6	0.94	0.96	0.98	0.91	0.87
convnetTop5Run_2695.out	CNNModel	CHEMBL2851	adam	0.0001	30	32	0	0.6	0	1	0.91	0.84	0.92	0.97	0.86	59	2	81	10	0.94	0.96	0.97	0.97	0.97
convnetTop5Run_2643.out	CNNModel	CHEMBL6115	adam	0.0005	15	256	0	0.6	0	1	0.96	0.9	0.95	1	0.92	54	0	37	5	0.56	0.96	0.97	0.97	0.99
convnetTop5Run_1879.out	CNNModel	CHEMBL1855	adam	0.0005	15	256	0	0.8	0	1	0.94	0.88	0.94	0.92	0.96	220	20	219	9	0.07	0.97	0.96	0.97	0.94
convnetTop5Run_203.out	ImageNetInceptionV2	CHEMBL4618	adam	0.0001	30	0	0	0.6	0	1	0.97	0.93	0.97	0.97	0.97	86	3	82	3	0.05	0.97	0.98	0.98	0.99
convnetTop5Run_485.out	ImageNetInceptionV2	CHEMBL3465	adam	0.0005	30	0	0	0.8	0	1	0.85	0.62	0.8	0.75	0.97	30	10	15	1	0.61	0.94	0.97	0.94	0.95
convnetTop5Run_107.out	ImageNetInceptionV2	CHEMBL3198	adam	0.0005	15	0	0	0.6	0	1	0.81	0.65	0.83	0.79	0.83	30	8	37	6	0.85	0.8	0.77	0.87	0.83
convnetTop5Run_653.out	ImageNetInceptionV2	CHEMBL3024	adam	0.001	15	0	0	0.8	0	1	0.86	0.72	0.86	0.9	0.82	92	10	89	20	0.15	0.89	0.89	0.92	0.93
convnetTop5Run_2153.out	ImageNetInceptionV2	CHEMBL2073	adam	0.0001	15	0	0	0.8	0	1	0.9	0.8	0.89	1	0.82	23	0	17	5	0.46	0.86	0.91	0.9	0.96
lowPerformedconvnetFinalRun_63964.out	CNNModel	CHEMBL4478	adam	0.001	40	32	0	0.8	0	0	0.94	0.9	0.95	0.94	0.94	30	2	46	2	0.94	0.95	0.94	0.99	0.98
convnetTop5Run_1675.out	CNNModel	CHEMBL3650	RMSprop	0.0005	30	32	0	0.8	0	1	0.85	0.74	0.87	0.89	0.82	144	18	196	32	0.72	0.92	0.93	0.92	0.93
convnetTop5Run_2017.out	CNNModel	CHEMBL2993	adam	0.0005	15	128	0	0.6	0	1	0.84	0.72	0.86	0.9	0.79	91	10	116	24	0.12	0.87	0.85	0.91	0.89
convnetTop5Run_1485.out	CNNModel	CHEMBL3332	adam	0.0005	30	128	0	0.8	0	1	0.94	0.88	0.94	0.94	0.94	61	4	61	4	0.1	0.98	0.99	0.98	0.99
convnetTop5Run_396.out	ImageNetInceptionV2	CHEMBL4792	adam	0.0005	30	0	0	0.8	0	1	0.95	0.91	0.96	0.95	0.96	311	17	336	13	0.75	0.98	0.98	0.99	0.99
convnetTop5Run_2024.out	ImageNetInceptionV2	CHEMBL2148	adam	0.001	30	0	0	0.6	0	1	0.84	0.72	0.85	0.92	0.77	273	23	339	81	0.62	0.91	0.91	0.93	0.93
lowPerformedconvnetFinalRun_38526.out	ImageNetInceptionV2	CHEMBL2756	adam	0.01	30	0	0	0.8	0	0	0	0	0.5	0	0	0	0	5	5	0.02	0.69	0.64	1	1
convnetTop5Run_2377.out	CNNModel	CHEMBL2801	adam	0.0005	30	128	0	0.6	0	1	0.89	0.82	0.91	0.94	0.84	16	1	27	3	0.62	0.91	0.9	0.95	0.95
lowPerformedconvnetFinalRun_36391.out	CNNModel	CHEMBL3192	adam	0.0001	30	16	0	0.6	0	0	0.71	0.41	0.62	1	0.55	17	0	6	14	0.8	0.73	0.93	0.87	0.98
convnetTop5Run_197.out	ImageNetInceptionV2	CHEMBL3067	adam	0.0001	15	0	0	0.6	0	1	0.95	0.92	0.96	0.95	0.95	20	1	33	1	0.17	0.98	0.99	1	0.99
convnetTop5Run_2907.out	CNNModel	CHEMBL1913	adam	0.0005	30	32	0	0.8	0	1	0.79	0.63	0.81	0.9	0.7	122	14	155	52	0.93	0.87	0.89	0.89	0.89
convnetTop5Run_440.out	CNNModel	CHEMBL3242	adam	0.0005	30	32	0	0.8	0	1	0.84	0.57	0.8	0.82	0.85	88	19	47	15	0.28	0.88	0.94	0.86	0.89
convnetTop5Run_3393.out	ImageNetInceptionV2	CHEMBL4409	adam	0.0005	15	0	0	0.6	0	1	0.9	0.74	0.87	0.86	0.94	143	24	86	9	0.23	0.94	0.97	0.94	0.95
convnetTop5Run_3461.out	CNNModel	CHEMBL2335	RMSprop	0.0005	30	128	0	0.8	0	1	0.93	0.88	0.94	0.93	0.93	57	4	73	4	0.01	0.97	0.97	0.98	0.98
convnetTop5Run_2055.out	ImageNetInceptionV2	CHEMBL1293194	adam	0.0005	15	0	0	0.8	0	1	0.95	0.91	0.95	1	0.9	27	0	36	3	0.68	0.97	0.97	0.99	0.99
convnetTop5Run_1710.out	ImageNetInceptionV2	CHEMBL4329	adam	0.001	15	0	0	0.8	0	1	0.9	0.81	0.9	0.97	0.84	32	1	31	6	0.28	0.98	0.99	0.98	0.98
convnetTop5Run_93.out	ImageNetInceptionV2	CHEMBL1075189	adam	0.001	30	0	0	0.6	0	1	0.98	0.95	0.97	0.98	0.98	39	1	34	1	0.12	0.98	0.98	0.99	1
convnetTop5Run_2748.out	ImageNetInceptionV2	CHEMBL5028	RMSprop	0.0005	15	0	0	0.6	0	1	0.89	0.78	0.89	0.96	0.83	25	1	22	5	0.67	0.96	0.95	0.94	0.96
convnetTop5Run_2111.out	CNNModel	CHEMBL3795	adam	0.0005	15	128	0	0.8	0	1	0.96	0.91	0.95	0.94	0.97	101	6	84	3	0.7	0.98	0.96	0.99	0.99
lowPerformedconvnetFinalRun_39268.out	ImageNetInceptionV2	CHEMBL2563	RMSprop	0.0005	30	0	0	0.8	0	0	0.86	0.65	0.81	0.75	1	12	4	5	0	0.95	0.58	0.68	0.9	0.86
convnetTop5Run_2478.out	CNNModel	CHEMBL1075284	adam	0.0005	15	256	0	0.8	0	1	0.98	0.97	0.98	1	0.97	29	0	29	1	0.95	0.96	0.97	1	1
convnetTop5Run_2384.out	ImageNetInceptionV2	CHEMBL1835	RMSprop	0.0005	30	0	0	0.6	0	1	0.89	0.74	0.87	0.91	0.88	125	13	82	17	0.98	0.88	0.88	0.94	0.94
lowPerformedconvnetFinalRun_46096.out	ImageNetInceptionV2	CHEMBL3807	momentum	0.01	40	0	0	0.8	0	0	0.74	0.61	0.82	0.81	0.68	30	7	64	14	0.62	0.78	0.73	0.9	0.82
convnetTop5Run_526.out	CNNModel	CHEMBL331	RMSprop	0.0005	15	256	0	0.8	0	1	0.91	0.83	0.92	0.93	0.89	167	13	204	21	0.81	0.95	0.97	0.96	0.97
convnetTop5Run_3219.out	CNNModel	CHEMBL1881	adam	0.0005	15	32	0	0.6	0	1	0.89	0.74	0.87	0.87	0.91	58	9	43	6	0.58	0.9	0.92	0.92	0.94
convnetTop5Run_2425.out	CNNModel	CHEMBL1801	adam	0.0005	30	256	0	0.8	0	1	0.79	0.59	0.79	0.85	0.73	84	15	89	31	0.99	0.82	0.85	0.84	0.85
convnetTop5Run_1669.out	ImageNetInceptionV2	CHEMBL332	RMSprop	0.001	30	0	0	0.8	0	1	0.88	0.73	0.87	0.86	0.91	389	65	271	37	0.89	0.91	0.9	0.93	0.93
lowPerformedconvnetFinalRun_34958.out	CNNModel	CHEMBL2363	adam	0.0005	30	16	0	0.8	0	0	0.85	0.67	0.84	0.85	0.85	23	4	18	4	0.37	0.65	0.63	0.85	0.85
convnetTop5Run_1587.out	ImageNetInceptionV2	CHEMBL3616	adam	0.0005	15	0	0	0.6	0	1	0.89	0.73	0.87	0.87	0.92	46	7	27	4	1	0.94	0.95	0.95	0.97
lowPerformedconvnetFinalRun_21976.out	ImageNetInceptionV2	CHEMBL2625	momentum	0.01	30	0	0	0.8	0	0	1	1	1	1	1	10	0	2	0	0.1	0.61	0.59	1	1
convnetTop5Run_844.out	ImageNetInceptionV2	CHEMBL3614	adam	0.0005	15	0	0	0.8	0	1	0.89	0.79	0.89	0.84	0.96	46	9	44	2	0.93	0.89	0.92	0.96	0.94
convnetTop5Run_162.out	CNNModel	CHEMBL3142	adam	0.0005	30	128	0	0.6	0	1	0.84	0.62	0.81	0.83	0.86	86	18	54	14	0.7	0.9	0.9	0.86	0.86
convnetTop5Run_744.out	ImageNetInceptionV2	CHEMBL308	RMSprop	0.001	15	0	0	0.6	0	1	0.77	0.58	0.79	0.84	0.71	126	24	156	52	1	0.78	0.78	0.82	0.81
convnetTop5Run_172.out	ImageNetInceptionV2	CHEMBL2072	adam	0.0001	30	0	0	0.8	0	1	0.96	0.92	0.96	0.92	1	34	3	32	0	0.72	0.94	0.91	1	1
convnetTop5Run_2503.out	CNNModel	CHEMBL5652	adam	0.0005	15	128	0	0.6	0	1	0.95	0.89	0.94	0.93	0.97	63	5	55	2	0.41	0.92	0.92	0.96	0.97
convnetTop5Run_1378.out	ImageNetInceptionV2	CHEMBL217	adam	0.0005	15	0	0	0.6	0	1	0.91	0.77	0.89	0.91	0.91	825	82	501	83	0.02	0.93	0.94	0.95	0.97
lowPerformedconvnetFinalRun_49951.out	CNNModel	CHEMBL1937	adam	0.0001	40	128	0	0.6	0	0	0.09	0.16	0.56	1	0.05	1	0	26	21	0.41	0.7	0.73	0.86	0.82
convnetTop5Run_3030.out	CNNModel	CHEMBL258	RMSprop	0.001	30	32	0	0.6	0	1	0.81	0.59	0.79	0.76	0.87	233	75	191	35	0.25	0.87	0.85	0.88	0.86
convnetTop5Run_2204.out	CNNModel	CHEMBL2749	adam	0.001	30	256	0	0.8	0	1	0.82	0.67	0.83	0.89	0.76	39	5	44	12	0.57	0.95	0.96	0.9	0.87
lowPerformedconvnetFinalRun_22294.out	CNNModel	CHEMBL4804	adam	0.001	30	512	0	0.8	0	0	0.87	0.72	0.86	0.81	0.93	13	3	11	1	0.66	0.78	0.55	0.93	0.94
convnetTop5Run_459.out	ImageNetInceptionV2	CHEMBL284	RMSprop	0.0005	15	0	0	0.8	0	1	0.87	0.68	0.85	0.89	0.86	150	18	89	25	0.01	0.87	0.9	0.9	0.91
convnetTop5Run_553.out	ImageNetInceptionV2	CHEMBL3759	adam	0.0005	15	0	0	0.6	0	1	0.9	0.81	0.9	0.93	0.87	175	13	185	26	0.01	0.96	0.95	0.95	0.94
convnetTop5Run_3296.out	ImageNetInceptionV2	CHEMBL2470	adam	0.0005	30	0	0	0.6	0	1	0.95	0.9	0.95	0.93	0.97	70	5	69	2	0.97	0.99	0.99	0.98	0.98
convnetTop5Run_2961.out	ImageNetInceptionV2	CHEMBL3594	adam	0.001	30	0	0	0.6	0	1	0.86	0.57	0.8	0.8	0.93	163	42	61	13	0.58	0.84	0.86	0.89	0.92
convnetTop5Run_102.out	CNNModel	CHEMBL3948	adam	0.0005	15	256	0	0.8	0	1	0.96	0.92	0.96	0.98	0.94	162	3	149	10	0.83	0.99	0.99	0.99	0.99
lowPerformedconvnetFinalRun_52982.out	CNNModel	CHEMBL1944	adam	0.0001	40	32	0	0.8	0	0	0.5	0.46	0.7	1	0.33	3	0	11	6	0.36	0.81	0.87	0.98	0.98
convnetTop5Run_1636.out	CNNModel	CHEMBL1991	adam	0.0001	30	256	0	0.6	0	1	0.83	0.66	0.83	0.82	0.84	135	29	127	25	0.31	0.86	0.83	0.89	0.88
convnetTop5Run_1630.out	ImageNetInceptionV2	CHEMBL2717	adam	0.0001	15	0	0	0.8	0	1	0.86	0.69	0.84	0.88	0.84	21	3	17	4	0.81	0.91	0.94	0.9	0.93
convnetTop5Run_2402.out	CNNModel	CHEMBL2208	adam	0.0005	30	128	0	0.6	0	1	0.87	0.73	0.86	0.86	0.89	124	20	105	16	0.87	0.91	0.91	0.93	0.94
convnetTop5Run_2554.out	ImageNetInceptionV2	CHEMBL1901	adam	0.001	15	0	0	0.8	0	1	0.91	0.84	0.92	0.95	0.87	53	3	80	8	0.2	0.97	0.95	0.97	0.96
lowPerformedconvnetFinalRun_28772.out	CNNModel	CHEMBL4073	adam	0.0001	30	512	0	0.8	0	0	0.76	0.63	0.81	0.89	0.66	39	5	70	20	0.73	0.84	0.83	0.93	0.91
convnetTop5Run_1434.out	ImageNetInceptionV2	CHEMBL5017	adam	0.0001	15	0	0	0.6	0	1	0.86	0.71	0.86	0.89	0.83	39	5	38	8	0.38	0.95	0.95	0.91	0.92
convnetTop5Run_1617.out	CNNModel	CHEMBL2216739	adam	0.0005	15	256	0	0.6	0	1	0.85	0.68	0.84	0.83	0.86	30	6	27	5	0.81	0.87	0.85	0.88	0.87
convnetTop5Run_2489.out	CNNModel	CHEMBL4465	adam	0.0005	30	32	0	0.6	0	1	1	1	1	1	1	18	0	26	0	0.25	1	1	1	1
convnetTop5Run_1757.out	CNNModel	CHEMBL5763	adam	0.0001	30	256	0	0.8	0	1	0.82	0.66	0.83	0.87	0.78	233	35	248	65	0.75	0.88	0.88	0.9	0.91
convnetTop5Run_3159.out	CNNModel	CHEMBL3638342	RMSprop	0.001	30	128	0	0.8	0	1	0.99	0.98	0.99	1	0.98	45	0	55	1	1	0.99	0.99	1	1
convnetTop5Run_922.out	CNNModel	CHEMBL3138	adam	0.0005	15	256	0	0.6	0	1	0.91	0.85	0.92	0.93	0.9	101	8	128	11	0.8	0.94	0.93	0.97	0.96
convnetTop5Run_2905.out	ImageNetInceptionV2	CHEMBL2889	adam	0.0005	30	0	0	0.6	0	1	0.78	0.6	0.8	0.76	0.8	16	5	21	4	0.98	0.77	0.83	0.83	0.77
convnetTop5Run_3482.out	CNNModel	CHEMBL263	adam	0.0005	15	128	0	0.6	0	1	0.97	0.93	0.96	0.98	0.95	84	2	78	4	0.47	0.97	0.96	0.99	0.99
convnetTop5Run_2860.out	CNNModel	CHEMBL3766	adam	0.0005	15	32	0	0.8	0	1	0.9	0.8	0.9	0.94	0.85	64	4	65	11	0.91	0.93	0.92	0.94	0.95
convnetTop5Run_1039.out	CNNModel	CHEMBL3890	adam	0.0005	30	128	0	0.6	0	1	0.86	0.77	0.88	0.9	0.83	19	2	27	4	0.7	0.98	0.97	0.94	0.92
convnetTop5Run_3098.out	CNNModel	CHEMBL3949	adam	0.001	30	256	0	0.6	0	1	0.89	0.79	0.89	0.82	0.96	51	11	56	2	0.1	0.93	0.94	0.95	0.93
lowPerformedconvnetFinalRun_34386.out	ImageNetInceptionV2	CHEMBL3314	adam	0.01	30	0	0	0.8	0	0	0.38	0.23	0.38	1	0.23	3	0	3	10	0.11	0.75	0.73	0.95	0.99
convnetTop5Run_869.out	CNNModel	CHEMBL3508	adam	0.0005	30	128	0	0.8	0	1	0.92	0.84	0.92	0.95	0.88	38	2	43	5	0.28	0.98	0.98	0.98	0.98
convnetTop5Run_303.out	ImageNetInceptionV2	CHEMBL6154	adam	0.001	15	0	0	0.8	0	1	0.86	0.74	0.87	0.89	0.83	40	5	45	8	0.93	0.96	0.97	0.9	0.87
convnetTop5Run_1228.out	CNNModel	CHEMBL5979	adam	0.0005	30	256	0	0.6	0	1	0.83	0.66	0.83	0.86	0.8	32	5	31	8	0.43	0.86	0.81	0.89	0.89
convnetTop5Run_326.out	ImageNetInceptionV2	CHEMBL5582	adam	0.0005	15	0	0	0.8	0	1	0.91	0.83	0.91	0.87	0.95	20	3	22	1	0.11	0.96	0.93	0.97	0.97
convnetTop5Run_296.out	CNNModel	CHEMBL1914	adam	0.0005	15	256	0	0.8	0	1	0.76	0.58	0.79	0.81	0.72	175	40	238	69	0.72	0.84	0.83	0.85	0.86
convnetTop5Run_1677.out	CNNModel	CHEMBL286	adam	0.0005	15	256	0	0.6	0	1	0.89	0.74	0.87	0.86	0.94	187	31	115	13	0.47	0.93	0.95	0.92	0.92
convnetTop5Run_1064.out	ImageNetInceptionV2	CHEMBL2069	adam	0.0005	15	0	0	0.8	0	1	0.87	0.73	0.86	0.81	0.94	101	23	87	7	0.94	0.92	0.9	0.93	0.91
convnetTop5Run_588.out	CNNModel	CHEMBL4956	adam	0.001	30	128	0	0.6	0	1	0.88	0.82	0.93	0.88	0.88	7	1	19	1	0.74	0.95	0.97	0.87	0.9
convnetTop5Run_2185.out	ImageNetInceptionV2	CHEMBL4093	adam	0.001	15	0	0	0.8	0	1	0.9	0.78	0.89	0.84	0.96	118	22	93	5	0.44	0.97	0.97	0.97	0.98
convnetTop5Run_2360.out	CNNModel	CHEMBL4054	adam	0.001	30	256	0	0.6	0	1	0.96	0.9	0.95	1	0.92	22	0	16	2	0.55	0.95	0.96	0.96	0.98
convnetTop5Run_2626.out	CNNModel	CHEMBL1785	adam	0.0005	15	128	0	0.6	0	1	0.85	0.71	0.86	0.83	0.86	112	23	130	18	0.68	0.9	0.89	0.93	0.9
lowPerformedconvnetFinalRun_46294.out	CNNModel	CHEMBL2107	adam	0.001	40	16	0	0.8	0	0	0.97	0.95	0.97	1	0.94	16	0	20	1	0.85	0.87	0.95	0.98	0.98
lowPerformedconvnetFinalRun_34654.out	CNNModel	CHEMBL3243	adam	0.001	30	128	0	0.8	0	0	0.62	0.43	0.6	1	0.45	5	0	4	6	0.2	0.39	0.82	0.89	0.96
convnetTop5Run_2265.out	CNNModel	CHEMBL216	adam	0.0001	30	256	0	0.8	0	1	0.77	0.59	0.79	0.81	0.73	160	37	204	58	0.83	0.89	0.91	0.87	0.87
convnetTop5Run_875.out	ImageNetInceptionV2	CHEMBL4036	adam	0.0005	15	0	0	0.8	0	1	0.85	0.66	0.82	0.77	0.94	30	9	21	2	0.3	0.85	0.87	0.8	0.73
lowPerformedconvnetFinalRun_35660.out	ImageNetInceptionV2	CHEMBL5697	momentum	0.005	30	0	0	0.8	0	0	1	1	1	1	1	15	0	1	0	0.66	0.74	0.94	1	1
convnetTop5Run_2229.out	CNNModel	CHEMBL3361	adam	0.0005	15	128	0	0.8	0	1	0.88	0.79	0.89	0.96	0.82	23	1	26	5	0.27	0.95	0.95	0.92	0.95
convnetTop5Run_3234.out	ImageNetInceptionV2	CHEMBL3629	adam	0.001	15	0	0	0.6	0	1	0.83	0.68	0.84	0.82	0.84	80	17	85	15	1	0.9	0.87	0.92	0.89
convnetTop5Run_591.out	ImageNetInceptionV2	CHEMBL5331	adam	0.0005	30	0	0	0.8	0	1	0.79	0.57	0.78	0.73	0.86	30	11	27	5	0.92	0.83	0.77	0.87	0.81
convnetTop5Run_638.out	ImageNetInceptionV2	CHEMBL4523	adam	0.001	30	0	0	0.8	0	1	0.9	0.8	0.9	0.9	0.91	214	24	202	22	0.21	0.96	0.96	0.96	0.96
convnetTop5Run_2361.out	CNNModel	CHEMBL231	RMSprop	0.0005	30	256	0	0.6	0	1	0.85	0.66	0.83	0.81	0.89	165	39	130	21	0.68	0.89	0.91	0.92	0.92
convnetTop5Run_751.out	CNNModel	CHEMBL4768	adam	0.0005	30	32	0	0.6	0	1	0.8	0.6	0.8	0.8	0.8	55	14	57	14	0.49	0.86	0.88	0.88	0.91
convnetTop5Run_2009.out	CNNModel	CHEMBL4633	adam	0.001	15	256	0	0.8	0	1	0.92	0.85	0.92	0.98	0.86	54	1	69	9	0.01	0.98	0.99	0.97	0.97
convnetTop5Run_159.out	ImageNetInceptionV2	CHEMBL3636	RMSprop	0.001	15	0	0	0.6	0	1	0.77	0.62	0.81	0.86	0.71	12	2	18	5	0.55	0.89	0.91	0.89	0.9
convnetTop5Run_2952.out	ImageNetInceptionV2	CHEMBL2617	RMSprop	0.001	30	0	0	0.6	0	1	0.74	0.66	0.81	1	0.58	21	0	44	15	0.01	0.93	0.94	0.93	0.93
convnetTop5Run_836.out	CNNModel	CHEMBL3114	adam	0.001	30	128	0	0.6	0	1	0.84	0.68	0.81	0.72	1	21	8	14	0	0.69	0.89	0.91	0.87	0.87
convnetTop5Run_1147.out	CNNModel	CHEMBL3160	adam	0.001	30	128	0	0.6	0	1	0.97	0.92	0.96	1	0.93	28	0	21	2	0.28	0.92	0.96	0.97	0.99
convnetTop5Run_3351.out	CNNModel	CHEMBL1871	adam	0.0005	15	256	0	0.8	0	1	0.85	0.68	0.83	0.91	0.79	176	18	147	46	0.76	0.91	0.94	0.91	0.93
convnetTop5Run_969.out	ImageNetInceptionV2	CHEMBL226	adam	0.0005	15	0	0	0.8	0	1	0.92	0.83	0.91	0.9	0.93	598	65	539	43	0.46	0.97	0.96	0.97	0.96
convnetTop5Run_3509.out	CNNModel	CHEMBL3202	adam	0.0005	30	256	0	0.8	0	1	0.74	0.62	0.79	0.97	0.6	30	1	47	20	0.94	0.78	0.74	0.89	0.86
convnetTop5Run_1365.out	CNNModel	CHEMBL5080	adam	0.001	30	32	0	0.6	0	1	0.92	0.86	0.93	0.93	0.91	42	3	48	4	0.73	0.95	0.96	0.95	0.95
convnetTop5Run_1206.out	ImageNetInceptionV2	CHEMBL1075319	adam	0.001	15	0	0	0.8	0	1	0.97	0.91	0.96	0.98	0.95	60	1	32	3	0.98	0.94	0.92	0.99	0.99
convnetTop5Run_1324.out	CNNModel	CHEMBL3788	adam	0.0005	30	32	0	0.8	0	1	0.88	0.76	0.88	0.92	0.85	22	2	22	4	0.98	0.9	0.95	0.95	0.95
convnetTop5Run_582.out	ImageNetInceptionV2	CHEMBL2439	adam	0.0005	15	0	0	0.6	0	1	0.85	0.77	0.89	0.88	0.82	14	2	28	3	0.37	0.91	0.84	0.93	0.88
convnetTop5Run_859.out	CNNModel	CHEMBL1994	adam	0.0005	30	256	0	0.8	0	1	0.87	0.74	0.87	0.83	0.9	101	20	107	11	0.94	0.95	0.95	0.95	0.96
lowPerformedconvnetFinalRun_44882.out	CNNModel	CHEMBL241	adam	0.0001	40	32	0	0.8	0	0	0.78	0.57	0.75	0.65	0.96	26	14	19	1	0.36	0.92	0.95	0.91	0.89
convnetTop5Run_112.out	CNNModel	CHEMBL1917	adam	0.0005	15	256	0	0.6	0	1	0.94	0.89	0.94	0.94	0.94	85	5	84	5	0.18	0.99	0.99	0.98	0.98
convnetTop5Run_1684.out	ImageNetInceptionV2	CHEMBL236	adam	0.0005	30	0	0	0.6	0	1	0.89	0.77	0.88	0.89	0.88	543	66	535	75	0.6	0.96	0.96	0.95	0.96
convnetTop5Run_3131.out	ImageNetInceptionV2	CHEMBL4106	adam	0.0005	30	0	0	0.6	0	1	0.92	0.85	0.92	0.87	0.97	33	5	36	1	0.12	0.99	0.99	0.95	0.88
convnetTop5Run_2652.out	ImageNetInceptionV2	CHEMBL2489	adam	0.0005	30	0	0	0.8	0	1	0.89	0.8	0.9	0.88	0.9	28	4	35	3	0.23	0.97	0.98	0.96	0.94
convnetTop5Run_2398.out	CNNModel	CHEMBL2903	adam	0.0005	30	128	0	0.6	0	1	0.78	0.6	0.8	0.76	0.8	28	9	38	7	0.57	0.87	0.87	0.91	0.9
convnetTop5Run_3400.out	CNNModel	CHEMBL4179	adam	0.0001	30	32	0	0.8	0	1	0.77	0.59	0.79	0.86	0.69	67	11	84	30	0.87	0.83	0.86	0.85	0.86
convnetTop5Run_1127.out	ImageNetInceptionV2	CHEMBL344	RMSprop	0.001	30	0	0	0.6	0	1	0.95	0.9	0.95	0.96	0.95	557	24	516	31	0.02	0.99	0.98	0.98	0.98
convnetTop5Run_1792.out	ImageNetInceptionV2	CHEMBL4835	adam	0.0005	30	0	0	0.8	0	1	0.79	0.63	0.81	0.73	0.86	19	7	25	3	0.41	0.82	0.81	0.86	0.79
convnetTop5Run_3063.out	CNNModel	CHEMBL3501	RMSprop	0.001	30	32	0	0.8	0	1	0.94	0.89	0.94	0.92	0.96	93	8	110	4	0.3	0.96	0.94	0.98	0.98
convnetTop5Run_1552.out	CNNModel	CHEMBL1821	adam	0.0001	30	256	0	0.6	0	1	0.82	0.64	0.82	0.78	0.86	89	25	89	14	0.47	0.9	0.91	0.92	0.9
convnetTop5Run_1545.out	ImageNetInceptionV2	CHEMBL3371	adam	0.0005	30	0	0	0.6	0	1	0.92	0.85	0.92	0.93	0.92	450	35	472	40	0.12	0.97	0.97	0.97	0.98
convnetTop5Run_1812.out	ImageNetInceptionV2	CHEMBL1908389	adam	0.001	15	0	0	0.6	0	1	0.97	0.95	0.97	0.98	0.97	120	3	132	4	0.15	1	1	0.99	0.99
convnetTop5Run_144.out	ImageNetInceptionV2	CHEMBL302	adam	0.0001	15	0	0	0.8	0	1	0.81	0.67	0.83	0.89	0.75	205	25	258	69	0.03	0.89	0.88	0.89	0.9
convnetTop5Run_893.out	ImageNetInceptionV2	CHEMBL2035	RMSprop	0.0005	30	0	0	0.8	0	1	0.84	0.69	0.84	0.84	0.84	78	15	85	15	0.6	0.92	0.9	0.89	0.86
convnetTop5Run_2683.out	CNNModel	CHEMBL3952	RMSprop	0.0005	15	128	0	0.6	0	1	0.89	0.76	0.88	0.91	0.87	319	33	274	46	0.91	0.95	0.96	0.94	0.95
convnetTop5Run_2550.out	ImageNetInceptionV2	CHEMBL259	adam	0.001	15	0	0	0.8	0	1	0.93	0.86	0.93	0.96	0.89	428	17	426	51	0.8	0.97	0.97	0.98	0.98
convnetTop5Run_1246.out	CNNModel	CHEMBL229	RMSprop	0.0005	30	256	0	0.6	0	1	0.88	0.76	0.88	0.86	0.89	221	35	242	28	0.31	0.94	0.93	0.94	0.94
convnetTop5Run_3037.out	ImageNetInceptionV2	CHEMBL1882	adam	0.0005	15	0	0	0.6	0	1	0.81	0.61	0.8	0.81	0.81	17	4	16	4	0.79	0.88	0.94	0.92	0.93
lowPerformedconvnetFinalRun_52029.out	ImageNetInceptionV2	CHEMBL3474	adam	0.005	40	0	0	0.6	0	0	0.86	0.72	0.84	0.75	1	12	4	9	0	0.15	0.85	0.83	0.96	0.97
lowPerformedconvnetFinalRun_22382.out	CNNModel	CHEMBL4617	adam	0.0001	30	32	0	0.8	0	0	0.71	0.55	0.71	0.55	1	6	5	6	0	0.37	0.73	0.67	1	1
convnetTop5Run_1319.out	ImageNetInceptionV2	CHEMBL1898	adam	0.0005	15	0	0	0.6	0	1	0.87	0.73	0.87	0.85	0.89	161	29	158	20	0.99	0.9	0.92	0.93	0.93
convnetTop5Run_3303.out	CNNModel	CHEMBL5471	adam	0.0005	30	256	0	0.8	0	1	0.95	0.91	0.95	1	0.91	41	0	37	4	0.68	0.89	0.9	0.97	0.98
convnetTop5Run_1846.out	CNNModel	CHEMBL3710	adam	0.0005	15	32	0	0.6	0	1	0.91	0.79	0.89	0.87	0.94	82	12	61	5	0.46	0.96	0.96	0.95	0.97
lowPerformedconvnetFinalRun_32853.out	CNNModel	CHEMBL3775	adam	0.001	30	128	0	0.6	0	0	0.77	0.6	0.79	0.68	0.89	17	8	20	2	0.01	0.8	0.83	0.88	0.82
convnetTop5Run_2420.out	ImageNetInceptionV2	CHEMBL1904	adam	0.0001	15	0	0	0.8	0	1	0.86	0.77	0.87	0.75	1	18	6	22	0	0.1	0.89	0.86	0.94	0.88
lowPerformedconvnetFinalRun_32963.out	ImageNetInceptionV2	CHEMBL3268	RMSprop	0.001	30	0	0	0.6	0	0	0.4	0.43	0.75	0.25	1	1	3	8	0	0.05	1	1	0.91	0.5
convnetTop5Run_2234.out	ImageNetInceptionV2	CHEMBL1978	adam	0.0005	30	0	0	0.8	0	1	0.81	0.58	0.79	0.82	0.81	133	30	103	32	0.44	0.88	0.9	0.85	0.85
convnetTop5Run_3170.out	ImageNetInceptionV2	CHEMBL4860	RMSprop	0.0005	5	0	0	0.6	0	1	0.88	0.71	0.86	0.91	0.85	80	8	52	14	0.93	0.9	0.92	0.91	0.93
convnetTop5Run_3161.out	CNNModel	CHEMBL301	adam	0.0005	30	128	0	0.6	0	1	0.79	0.6	0.8	0.84	0.74	199	37	217	69	0.98	0.83	0.85	0.86	0.87
convnetTop5Run_1641.out	CNNModel	CHEMBL2041	adam	0.0005	15	256	0	0.8	0	1	0.81	0.58	0.79	0.82	0.79	73	16	60	19	0.55	0.84	0.83	0.86	0.88
convnetTop5Run_345.out	ImageNetInceptionV2	CHEMBL4477	adam	0.001	15	0	0	0.8	0	1	0.85	0.72	0.86	0.86	0.84	31	5	37	6	0.87	0.94	0.94	0.88	0.83
convnetTop5Run_89.out	ImageNetInceptionV2	CHEMBL244	RMSprop	0.0005	15	0	0	0.6	0	1	0.88	0.71	0.86	0.88	0.87	519	69	359	78	0.89	0.91	0.93	0.93	0.94
lowPerformedconvnetFinalRun_26977.out	CNNModel	CHEMBL6175	adam	0.0005	30	512	0	0.6	0	0	0.71	0.43	0.64	0.56	1	5	4	2	0	0.64	0.57	0.44	1	1
convnetTop5Run_3434.out	ImageNetInceptionV2	CHEMBL3254	adam	0.0005	15	0	0	0.6	0	1	0.83	0.66	0.82	0.74	0.94	45	16	40	3	0.2	0.88	0.79	0.93	0.92
convnetTop5Run_212.out	CNNModel	CHEMBL4482	adam	0.0005	15	128	0	0.6	0	1	0.9	0.8	0.9	0.91	0.88	30	3	32	4	0.67	0.87	0.89	0.95	0.95
convnetTop5Run_2125.out	CNNModel	CHEMBL3231	RMSprop	0.0005	30	128	0	0.6	0	1	0.84	0.74	0.87	0.91	0.78	67	7	112	19	0.72	0.86	0.87	0.92	0.91
convnetTop5Run_1099.out	ImageNetInceptionV2	CHEMBL339	adam	0.001	15	0	0	0.8	0	1	0.9	0.8	0.9	0.91	0.9	641	63	580	75	0.64	0.95	0.95	0.95	0.95
convnetTop5Run_276.out	CNNModel	CHEMBL4128	adam	0.0005	30	128	0	0.8	0	1	0.88	0.76	0.88	0.92	0.85	106	9	101	19	0.31	0.93	0.94	0.93	0.95
convnetTop5Run_1721.out	ImageNetInceptionV2	CHEMBL5067	adam	0.0005	15	0	0	0.8	0	1	0.85	0.7	0.84	0.76	0.98	44	14	32	1	1	0.91	0.85	0.95	0.93
convnetTop5Run_116.out	CNNModel	CHEMBL3687	adam	0.0005	30	256	0	0.6	0	1	0.82	0.65	0.83	0.86	0.78	18	3	20	5	0.8	0.85	0.89	0.89	0.91
convnetTop5Run_629.out	CNNModel	CHEMBL2039	RMSprop	0.0005	30	256	0	0.8	0	1	0.84	0.54	0.79	0.82	0.86	247	55	111	39	0.34	0.8	0.82	0.86	0.91
convnetTop5Run_401.out	CNNModel	CHEMBL2637	adam	0.0001	30	128	0	0.6	0	1	0.79	0.58	0.79	0.8	0.77	128	32	135	38	0.5	0.84	0.87	0.87	0.86
convnetTop5Run_1802.out	CNNModel	CHEMBL1899	adam	0.0005	30	128	0	0.6	0	1	0.88	0.64	0.84	0.82	0.94	80	17	32	5	0.46	0.89	0.93	0.9	0.94
lowPerformedconvnetFinalRun_30874.out	CNNModel	CHEMBL2803	adam	0.001	30	128	0	0.8	0	0	0.79	0.65	0.82	0.88	0.71	22	3	33	9	0.98	0.88	0.87	0.93	0.86
convnetTop5Run_989.out	CNNModel	CHEMBL4333	adam	0.0005	30	128	0	0.6	0	1	0.96	0.91	0.95	0.95	0.96	214	12	206	8	0.95	0.99	0.99	0.99	0.99
convnetTop5Run_1022.out	CNNModel	CHEMBL5491	adam	0.0005	15	128	0	0.6	0	1	0.93	0.85	0.92	0.92	0.93	56	5	52	4	0.31	0.93	0.94	0.96	0.96
convnetTop5Run_1213.out	ImageNetInceptionV2	CHEMBL4204	adam	0.0001	5	0	0	0.6	0	1	0.87	0.78	0.89	0.95	0.8	41	2	53	10	0.94	0.93	0.93	0.88	0.91
convnetTop5Run_450.out	ImageNetInceptionV2	CHEMBL2007	RMSprop	0.0001	15	0	0	0.8	0	1	0.82	0.65	0.82	0.82	0.82	47	10	47	10	0.18	0.81	0.84	0.88	0.91
convnetTop5Run_1122.out	CNNModel	CHEMBL1667665	adam	0.0005	30	32	0	0.8	0	1	1	1	1	1	1	29	0	28	0	0.79	1	1	1	1
lowPerformedconvnetFinalRun_53103.out	ImageNetInceptionV2	CHEMBL4506	adam	0.001	40	0	0	0.6	0	0	0.88	0.44	0.8	1	0.79	11	0	1	3	0.6	0.7	0.86	0.93	1
convnetTop5Run_2866.out	CNNModel	CHEMBL2185	adam	0.0005	15	256	0	0.8	0	1	0.86	0.71	0.86	0.86	0.85	223	35	226	40	0.64	0.9	0.9	0.91	0.92
convnetTop5Run_1727.out	ImageNetInceptionV2	CHEMBL6136	adam	0.0001	15	0	0	0.6	0	1	0.79	0.6	0.8	0.81	0.77	48	11	52	14	0.73	0.86	0.85	0.88	0.89
convnetTop5Run_1564.out	CNNModel	CHEMBL4625	adam	0.001	30	256	0	0.8	0	1	0.9	0.74	0.88	0.92	0.88	59	5	33	8	0.37	0.94	0.95	0.95	0.98
convnetTop5Run_324.out	CNNModel	CHEMBL5160	adam	0.001	30	128	0	0.6	0	1	0.89	0.79	0.9	0.87	0.91	20	3	23	2	0.43	0.86	0.88	0.96	0.94
convnetTop5Run_1343.out	ImageNetInceptionV2	CHEMBL5896	adam	0.0001	30	0	0	0.6	0	1	0.8	0.6	0.79	0.73	0.89	16	6	14	2	0.75	0.71	0.61	0.81	0.8
convnetTop5Run_1436.out	CNNModel	CHEMBL4158	adam	0.0005	15	128	0	0.6	0	1	0.91	0.7	0.87	0.85	0.98	45	8	15	1	0.1	0.91	0.9	0.91	0.94
convnetTop5Run_758.out	CNNModel	CHEMBL3979	adam	0.001	15	256	0	0.8	0	1	0.86	0.75	0.87	0.89	0.83	100	12	127	21	0.43	0.94	0.94	0.93	0.92
convnetTop5Run_2851.out	CNNModel	CHEMBL321	adam	0.0005	30	128	0	0.6	0	1	0.84	0.58	0.8	0.8	0.88	166	42	93	23	0.49	0.79	0.82	0.85	0.88
convnetTop5Run_1205.out	CNNModel	CHEMBL3974	adam	0.001	15	128	0	0.6	0	1	0.94	0.87	0.93	0.96	0.91	123	5	118	12	0.5	0.98	0.98	0.97	0.98
convnetTop5Run_271.out	ImageNetInceptionV2	CHEMBL2176813	adam	0.0005	15	0	0	0.8	0	1	0.98	0.97	0.99	1	0.97	31	0	51	1	0.82	0.99	0.99	1	1
convnetTop5Run_3418.out	ImageNetInceptionV2	CHEMBL5414	adam	0.0005	30	0	0	0.6	0	1	0.86	0.75	0.88	0.86	0.86	31	5	40	5	0.94	0.95	0.97	0.95	0.95
convnetTop5Run_3363.out	CNNModel	CHEMBL3427	adam	0.0005	30	256	0	0.8	0	1	0.91	0.82	0.91	0.91	0.91	21	2	20	2	0.52	0.92	0.88	0.94	0.94
convnetTop5Run_1960.out	ImageNetInceptionV2	CHEMBL4033	adam	0.0005	15	0	0	0.8	0	1	0.93	0.87	0.93	1	0.86	19	0	21	3	0.83	0.97	0.97	0.97	0.97
convnetTop5Run_150.out	CNNModel	CHEMBL3360	adam	0.001	15	128	0	0.6	0	1	0.88	0.76	0.88	0.96	0.81	46	2	45	11	0.87	0.95	0.95	0.95	0.96
lowPerformedconvnetFinalRun_62348.out	CNNModel	CHEMBL1255150	adam	0.0005	40	32	0	0.8	0	0	0.95	0.91	0.95	1	0.9	19	0	20	2	0.95	0.99	0.99	1	1
lowPerformedconvnetFinalRun_61587.out	ImageNetInceptionV2	CHEMBL4803	RMSprop	0.0005	40	0	0	0.6	0	0	0.77	0.56	0.77	0.7	0.86	44	19	44	7	0.86	0.69	0.65	0.83	0.74
convnetTop5Run_1966.out	CNNModel	CHEMBL4051	adam	0.0005	30	128	0	0.6	0	1	0.73	0.63	0.78	1	0.58	18	0	29	13	0.97	0.93	0.94	0.85	0.9
convnetTop5Run_879.out	CNNModel	CHEMBL4793	adam	0.0005	30	32	0	0.6	0	1	0.77	0.56	0.77	0.69	0.86	56	25	60	9	0.18	0.8	0.74	0.86	0.84
convnetTop5Run_474.out	ImageNetInceptionV2	CHEMBL1907	adam	0.001	30	0	0	0.6	0	1	0.87	0.66	0.83	0.78	0.97	36	10	17	1	0.05	0.76	0.75	0.79	0.78
convnetTop5Run_1219.out	CNNModel	CHEMBL2527	adam	0.0005	30	32	0	0.8	0	1	0.82	0.61	0.8	0.77	0.87	47	14	39	7	0.05	0.93	0.9	0.88	0.89
convnetTop5Run_904.out	CNNModel	CHEMBL5023	adam	0.001	15	128	0	0.8	0	1	0.87	0.71	0.86	0.88	0.86	37	5	28	6	0.15	0.84	0.89	0.94	0.95
convnetTop5Run_284.out	ImageNetInceptionV2	CHEMBL3535	adam	0.001	15	0	0	0.6	0	1	0.93	0.84	0.92	0.94	0.92	33	2	25	3	0.77	0.95	0.94	0.96	0.96
lowPerformedconvnetFinalRun_61760.out	ImageNetInceptionV2	CHEMBL4789	momentum	0.005	40	0	0	0.8	0	0	0.73	0.43	0.72	0.75	0.72	36	12	30	14	0.92	0.72	0.66	0.82	0.82
convnetTop5Run_709.out	ImageNetInceptionV2	CHEMBL2835	adam	0.0005	15	0	0	0.6	0	1	0.9	0.81	0.9	0.91	0.89	295	29	298	35	0.99	0.96	0.96	0.96	0.97
convnetTop5Run_1143.out	CNNModel	CHEMBL3898	adam	0.0005	30	128	0	0.6	0	1	0.88	0.76	0.88	0.88	0.89	64	9	60	8	0.47	0.96	0.97	0.96	0.96
convnetTop5Run_3151.out	ImageNetInceptionV2	CHEMBL3180	adam	0.0005	30	0	0	0.6	0	1	0.89	0.8	0.9	0.87	0.91	20	3	25	2	0.31	0.93	0.96	0.93	0.88
lowPerformedconvnetFinalRun_15128.out	ImageNetInceptionV2	CHEMBL5077	adam	0.0005	15	0	0	0.8	0	0	0.73	0.56	0.78	0.83	0.66	44	9	68	23	0.73	0.81	0.86	0.89	0.89
convnetTop5Run_2145.out	ImageNetInceptionV2	CHEMBL3719	RMSprop	0.0005	15	0	0	0.8	0	1	0.98	0.96	0.98	0.96	1	25	1	27	0	0.87	0.98	0.97	1	1
lowPerformedconvnetFinalRun_60934.out	CNNModel	CHEMBL2334	adam	0.001	40	128	0	0.8	0	0	0.85	0.58	0.8	0.8	0.91	39	10	18	4	0.97	0.82	0.86	0.86	0.9
convnetTop5Run_2707.out	CNNModel	CHEMBL4899	adam	0.0005	30	256	0	0.8	0	1	0.83	0.64	0.82	0.77	0.9	27	8	22	3	0.23	0.89	0.83	0.88	0.84
convnetTop5Run_2366.out	CNNModel	CHEMBL1853	adam	0.0005	15	128	0	0.6	0	1	0.96	0.91	0.95	0.92	0.99	86	7	76	1	0.46	0.97	0.96	0.99	0.99
convnetTop5Run_632.out	CNNModel	CHEMBL2954	RMSprop	0.001	30	32	0	0.6	0	1	0.87	0.68	0.84	0.89	0.85	170	22	112	30	0.72	0.92	0.95	0.91	0.92
convnetTop5Run_782.out	ImageNetInceptionV2	CHEMBL2955	adam	0.0005	15	0	0	0.8	0	1	0.88	0.82	0.9	1	0.79	19	0	27	5	0.28	0.99	0.99	0.97	0.97
convnetTop5Run_3492.out	ImageNetInceptionV2	CHEMBL1918	adam	0.0001	30	0	0	0.6	0	1	0.94	0.86	0.93	0.91	0.97	29	3	25	1	0.25	0.86	0.86	0.95	0.96
convnetTop5Run_58.out	CNNModel	CHEMBL1862	adam	0.0005	15	32	0	0.6	0	1	0.84	0.71	0.85	0.91	0.77	213	20	251	62	0.95	0.94	0.96	0.91	0.93
convnetTop5Run_1334.out	CNNModel	CHEMBL3130	adam	0.0005	30	256	0	0.6	0	1	0.88	0.7	0.85	0.91	0.85	63	6	37	11	0.91	0.91	0.93	0.89	0.92
lowPerformedconvnetFinalRun_22597.out	CNNModel	CHEMBL2288	adam	0.0005	30	128	0	0.6	0	0	0.76	0.65	0.55	0.94	0.5	15	1	35	15	0.93	0.83	0.89	0.89	0.89
convnetTop5Run_739.out	ImageNetInceptionV2	CHEMBL4683	adam	0.0005	15	0	0	0.6	0	1	0.77	0.68	0.84	0.95	0.64	18	1	39	10	0.98	0.77	0.74	0.87	0.84
lowPerformedconvnetFinalRun_61929.out	ImageNetInceptionV2	CHEMBL312	adam	0.005	40	0	0	0.6	0	0	0.47	0.36	0.57	0.97	0.31	33	1	65	73	0.89	0.61	0.72	0.76	0.84
convnetTop5Run_797.out	CNNModel	CHEMBL4644	adam	0.0005	30	256	0	0.8	0	1	0.9	0.82	0.91	0.94	0.86	83	5	115	14	0.99	0.97	0.96	0.97	0.97
convnetTop5Run_444.out	CNNModel	CHEMBL206	adam	0.0005	15	32	0	0.6	0	1	0.86	0.68	0.84	0.91	0.81	203	19	149	48	0.97	0.91	0.95	0.9	0.93
convnetTop5Run_1049.out	CNNModel	CHEMBL5393	adam	0.0005	15	32	0	0.8	0	1	0.8	0.58	0.77	0.7	0.92	57	24	42	5	0.36	0.85	0.81	0.84	0.82
convnetTop5Run_81.out	CNNModel	CHEMBL4422	adam	0.0005	30	256	0	0.8	0	1	0.94	0.89	0.94	0.92	0.96	82	7	87	3	0.98	0.95	0.91	0.97	0.95
convnetTop5Run_3057.out	ImageNetInceptionV2	CHEMBL4234	adam	0.0001	15	0	0	0.8	0	1	0.84	0.68	0.84	0.83	0.86	19	4	18	3	0.97	0.83	0.83	0.93	0.9
convnetTop5Run_2223.out	ImageNetInceptionV2	CHEMBL3996	adam	0.001	15	0	0	0.8	0	1	0.99	0.98	0.99	0.99	0.99	92	1	80	1	0.97	0.99	0.98	1	1
convnetTop5Run_2473.out	CNNModel	CHEMBL4608	adam	0.001	15	128	0	0.6	0	1	0.9	0.8	0.9	0.91	0.9	89	9	79	10	0.3	0.97	0.97	0.96	0.97
convnetTop5Run_540.out	ImageNetInceptionV2	CHEMBL3529	adam	0.0005	30	0	0	0.8	0	1	0.88	0.74	0.87	0.82	0.94	32	7	26	2	0.17	0.94	0.96	0.94	0.94
lowPerformedconvnetFinalRun_35108.out	ImageNetInceptionV2	CHEMBL3864	adam	0.0005	30	0	0	0.8	0	0	0.67	0.62	0.81	1	0.5	3	0	10	3	0.02	0.67	0.66	0.95	0.93
convnetTop5Run_27.out	CNNModel	CHEMBL2047	adam	0.001	15	32	0	0.8	0	1	0.84	0.72	0.84	0.98	0.73	80	2	86	29	0.91	0.92	0.93	0.92	0.95
convnetTop5Run_2977.out	CNNModel	CHEMBL2034	adam	0.001	15	128	0	0.8	0	1	0.89	0.73	0.87	0.87	0.92	202	31	116	17	0.77	0.93	0.94	0.93	0.95
convnetTop5Run_1032.out	ImageNetInceptionV2	CHEMBL3815	adam	0.0005	30	0	0	0.6	0	1	0.75	0.56	0.75	0.92	0.64	23	2	23	13	0.86	0.79	0.85	0.84	0.9
convnetTop5Run_2284.out	CNNModel	CHEMBL1906	adam	0.0005	15	128	0	0.6	0	1	0.88	0.75	0.88	0.91	0.86	107	10	91	18	0.43	0.91	0.92	0.94	0.96
convnetTop5Run_153.out	ImageNetInceptionV2	CHEMBL4430	adam	0.001	30	0	0	0.8	0	1	0.86	0.73	0.86	0.81	0.93	25	6	24	2	0.94	0.87	0.85	0.89	0.87
convnetTop5Run_1734.out	CNNModel	CHEMBL3961	adam	0.001	15	128	0	0.8	0	1	0.86	0.7	0.84	0.97	0.78	32	1	21	9	0.74	0.94	0.95	0.92	0.96
convnetTop5Run_823.out	ImageNetInceptionV2	CHEMBL4600	adam	0.0005	15	0	0	0.8	0	1	0.81	0.72	0.87	0.92	0.73	22	2	43	8	0.94	0.87	0.91	0.89	0.83
convnetTop5Run_3389.out	ImageNetInceptionV2	CHEMBL211	RMSprop	0.0001	5	0	0	0.6	0	1	0.78	0.64	0.82	0.87	0.72	146	22	217	58	0.92	0.87	0.84	0.89	0.88
convnetTop5Run_2070.out	ImageNetInceptionV2	CHEMBL1741195	adam	0.0005	15	0	0	0.6	0	1	0.95	0.89	0.94	0.9	1	43	5	36	0	1	1	1	1	1
convnetTop5Run_1522.out	ImageNetInceptionV2	CHEMBL4124	adam	0.0005	15	0	0	0.6	0	1	0.95	0.89	0.94	0.95	0.94	284	15	264	17	0.01	0.98	0.98	0.98	0.98
convnetTop5Run_1270.out	CNNModel	CHEMBL214	RMSprop	0.0005	15	256	0	0.6	0	1	0.87	0.74	0.87	0.86	0.88	558	88	555	79	0.09	0.93	0.93	0.94	0.94
convnetTop5Run_24.out	ImageNetInceptionV2	CHEMBL2525	RMSprop	0.0005	30	0	0	0.6	0	1	0.8	0.66	0.83	0.84	0.76	83	16	126	26	0.88	0.89	0.88	0.9	0.88
lowPerformedconvnetFinalRun_33220.out	CNNModel	CHEMBL3081	adam	0.005	30	128	0	0.8	0	0	0.45	0.38	0.57	0.29	1	5	12	11	0	0.12	0.68	0.67	0.89	0.78
convnetTop5Run_2930.out	CNNModel	CHEMBL322	adam	0.001	15	128	0	0.8	0	1	0.88	0.75	0.87	0.89	0.87	288	37	260	42	0.79	0.94	0.94	0.93	0.94
convnetTop5Run_2637.out	ImageNetInceptionV2	CHEMBL2611	adam	0.001	30	0	0	0.6	0	1	1	1	1	1	1	36	0	25	0	0.37	0.94	0.94	1	1
convnetTop5Run_1881.out	CNNModel	CHEMBL1075104	adam	0.0005	15	128	0	0.6	0	1	0.87	0.77	0.88	0.97	0.79	114	4	134	31	0.91	0.9	0.88	0.95	0.96
convnetTop5Run_2138.out	CNNModel	CHEMBL3983	adam	0.0005	15	128	0	0.8	0	1	0.87	0.76	0.88	0.89	0.86	62	8	69	10	0.07	0.9	0.93	0.92	0.93
lowPerformedconvnetFinalRun_22775.out	CNNModel	CHEMBL2967	adam	0.01	30	128	0	0.6	0	0	1	1	1	1	1	2	0	6	0	0.54	0.87	0.94	1	1
lowPerformedconvnetFinalRun_62248.out	CNNModel	CHEMBL268	RMSprop	0.0005	40	256	0	0.8	0	0	0.72	0.49	0.73	0.85	0.63	51	9	53	30	0.25	0.76	0.79	0.82	0.86
convnetTop5Run_598.out	ImageNetInceptionV2	CHEMBL2074	adam	0.0001	15	0	0	0.8	0	1	0.86	0.6	0.82	0.83	0.9	19	4	8	2	0.09	0.66	0.72	0.84	0.91
convnetTop5Run_190.out	ImageNetInceptionV2	CHEMBL2055	adam	0.0005	15	0	0	0.8	0	1	0.93	0.86	0.93	1	0.88	35	0	27	5	0.93	0.99	0.99	0.98	0.99
convnetTop5Run_2671.out	CNNModel	CHEMBL2581	adam	0.001	30	32	0	0.6	0	1	0.84	0.58	0.8	0.87	0.8	167	25	96	41	0.18	0.8	0.85	0.83	0.89
convnetTop5Run_542.out	CNNModel	CHEMBL2736	adam	0.001	30	32	0	0.8	0	1	0.86	0.76	0.89	0.89	0.84	31	4	46	6	0.64	0.93	0.92	0.94	0.89
convnetTop5Run_1717.out	CNNModel	CHEMBL269	RMSprop	0.0005	15	256	0	0.6	0	1	0.92	0.85	0.93	0.92	0.92	306	26	338	26	0.69	0.97	0.97	0.96	0.96
convnetTop5Run_3271.out	CNNModel	CHEMBL1957	RMSprop	0.001	30	128	0	0.6	0	1	0.88	0.79	0.89	0.94	0.83	262	16	295	53	0.88	0.94	0.95	0.94	0.95
convnetTop5Run_417.out	ImageNetInceptionV2	CHEMBL1942	adam	0.0005	15	0	0	0.6	0	1	0.82	0.69	0.85	0.87	0.77	58	9	88	17	0.05	0.94	0.93	0.92	0.88
convnetTop5Run_2005.out	CNNModel	CHEMBL3238	adam	0.001	30	32	0	0.6	0	1	0.72	0.6	0.75	0.56	1	14	11	19	0	0.2	0.71	0.68	0.85	0.64
convnetTop5Run_1091.out	CNNModel	CHEMBL4376	adam	0.0005	30	256	0	0.8	0	1	0.8	0.59	0.79	0.86	0.75	18	3	16	6	0.28	0.86	0.77	0.91	0.92
convnetTop5Run_1715.out	CNNModel	CHEMBL2373	adam	0.0005	15	128	0	0.8	0	1	0.89	0.76	0.88	0.86	0.92	56	9	47	5	0.87	0.93	0.93	0.92	0.92
lowPerformedconvnetFinalRun_30970.out	ImageNetInceptionV2	CHEMBL1968	adam	0.005	30	0	0	0.8	0	0	0.29	0.32	0.64	0.17	1	1	5	8	0	0.5	0.82	0.53	1	1
convnetTop5Run_1493.out	CNNModel	CHEMBL5102	adam	0.0005	15	32	0	0.6	0	1	0.93	0.85	0.92	0.91	0.95	83	8	62	4	0.12	0.95	0.97	0.98	0.99
convnetTop5Run_1455.out	ImageNetInceptionV2	CHEMBL3884	adam	0.0001	15	0	0	0.6	0	1	0.93	0.84	0.92	0.9	0.96	81	9	55	3	0.97	0.96	0.97	0.97	0.98
convnetTop5Run_3.out	CNNModel	CHEMBL1995	adam	0.001	30	128	0	0.6	0	1	0.89	0.77	0.88	0.86	0.92	44	7	39	4	0.88	0.92	0.89	0.94	0.89
convnetTop5Run_2999.out	CNNModel	CHEMBL311	adam	0.001	15	32	0	0.8	0	1	0.93	0.84	0.92	0.92	0.94	44	4	35	3	0.12	0.93	0.93	0.95	0.96
convnetTop5Run_455.out	CNNModel	CHEMBL3222	adam	0.0005	15	128	0	0.6	0	1	0.92	0.84	0.92	0.93	0.91	133	10	124	13	0.56	0.96	0.96	0.96	0.96
convnetTop5Run_1512.out	ImageNetInceptionV2	CHEMBL4501	adam	0.0005	5	0	0	0.8	0	1	0.84	0.69	0.84	0.89	0.81	117	15	113	28	1	0.94	0.94	0.9	0.92
convnetTop5Run_66.out	ImageNetInceptionV2	CHEMBL5024	adam	0.0005	15	0	0	0.6	0	1	0.92	0.86	0.93	1	0.86	24	0	26	4	1	0.95	0.97	0.98	0.98
lowPerformedconvnetFinalRun_36735.out	ImageNetInceptionV2	CHEMBL3025	momentum	0.01	30	0	0	0.6	0	0	0.91	0.65	0.86	1	0.83	5	0	1	1	0.01	0.8	0.94	1	1
convnetTop5Run_3189.out	CNNModel	CHEMBL319	adam	0.0005	30	256	0	0.8	0	1	0.78	0.64	0.83	0.85	0.73	60	11	96	22	0.3	0.92	0.91	0.91	0.91
lowPerformedconvnetFinalRun_50913.out	CNNModel	CHEMBL3769	adam	0.001	40	512	0	0.6	0	0	0.79	0.68	0.86	0.78	0.81	25	7	52	6	0.3	0.82	0.71	0.9	0.86
convnetTop5Run_3487.out	CNNModel	CHEMBL2431	adam	0.0005	15	128	0	0.8	0	1	0.92	0.86	0.93	0.92	0.93	122	11	136	9	0.74	0.97	0.97	0.98	0.98
convnetTop5Run_257.out	ImageNetInceptionV2	CHEMBL318	RMSprop	0.0005	30	0	0	0.6	0	1	0.88	0.76	0.88	0.85	0.91	394	72	414	38	0.99	0.95	0.94	0.93	0.9
convnetTop5Run_2500.out	CNNModel	CHEMBL2949	adam	0.0005	30	128	0	0.8	0	1	0.76	0.47	0.73	0.7	0.81	74	31	57	17	0.43	0.77	0.77	0.81	0.85
convnetTop5Run_1583.out	CNNModel	CHEMBL276	adam	0.0005	15	128	0	0.6	0	1	0.86	0.72	0.86	0.88	0.83	110	15	118	22	0.25	0.92	0.92	0.93	0.92
convnetTop5Run_1265.out	ImageNetInceptionV2	CHEMBL1908	adam	0.0005	15	0	0	0.8	0	1	0.9	0.75	0.88	0.86	0.94	95	15	59	6	0.05	0.93	0.95	0.93	0.94
convnetTop5Run_1506.out	CNNModel	CHEMBL4794	RMSprop	0.0005	30	32	0	0.6	0	1	0.92	0.79	0.9	0.93	0.9	108	8	72	12	0.93	0.95	0.97	0.95	0.97
convnetTop5Run_3407.out	ImageNetInceptionV2	CHEMBL2434	adam	0.0005	15	0	0	0.8	0	1	0.92	0.85	0.92	0.93	0.91	129	10	133	12	0.5	0.97	0.97	0.97	0.97
lowPerformedconvnetFinalRun_8106.out	ImageNetInceptionV2	CHEMBL5147	adam	0.01	15	0	0	0.8	0	0	0.86	0.72	0.86	0.82	0.91	69	15	63	7	0.77	0.88	0.87	0.9	0.89
lowPerformedconvnetFinalRun_41429.out	ImageNetInceptionV2	CHEMBL1929	RMSprop	0.005	30	0	0	0.6	0	0	0.57	0.4	0.57	1	0.4	2	0	2	3	0.98	0.7	0.9	1	1
convnetTop5Run_2287.out	CNNModel	CHEMBL3072	adam	0.0005	15	32	0	0.6	0	1	0.8	0.65	0.83	0.8	0.8	40	10	58	10	0.69	0.87	0.82	0.9	0.87
convnetTop5Run_2592.out	ImageNetInceptionV2	CHEMBL1945	adam	0.0005	5	0	0	0.8	0	1	0.91	0.82	0.91	0.89	0.94	163	20	152	11	0.76	0.93	0.9	0.95	0.94
lowPerformedconvnetFinalRun_35285.out	ImageNetInceptionV2	CHEMBL3310	adam	0.01	30	0	0	0.6	0	0	0	0	0.47	0	0	0	0	9	10	0.02	0.7	0.73	0.92	0.95
convnetTop5Run_1686.out	CNNModel	CHEMBL4306	RMSprop	0.001	30	128	0	0.8	0	1	0.89	0.77	0.88	0.92	0.86	69	6	59	11	0.7	0.92	0.94	0.95	0.97
lowPerformedconvnetFinalRun_31178.out	CNNModel	CHEMBL4224	adam	0.0005	30	16	0	0.8	0	0	0.76	0.58	0.79	0.74	0.79	34	12	47	9	0.05	0.77	0.64	0.87	0.85
convnetTop5Run_3203.out	ImageNetInceptionV2	CHEMBL5136	adam	0.001	30	0	0	0.8	0	1	0.88	0.75	0.87	0.81	0.97	57	13	41	2	0.76	0.92	0.89	0.95	0.95
convnetTop5Run_659.out	ImageNetInceptionV2	CHEMBL4896	adam	0.0005	15	0	0	0.6	0	1	0.94	0.86	0.93	0.88	1	23	3	15	0	1	0.96	0.96	0.99	0.99
convnetTop5Run_3449.out	ImageNetInceptionV2	CHEMBL3590	adam	0.0001	15	0	0	0.6	0	1	0.81	0.63	0.82	0.84	0.78	42	8	47	12	0.46	0.91	0.93	0.9	0.89
convnetTop5Run_2701.out	CNNModel	CHEMBL3568	adam	0.0005	30	256	0	0.6	0	1	0.85	0.64	0.82	0.88	0.82	131	18	83	28	0.34	0.84	0.9	0.89	0.92
convnetTop5Run_648.out	ImageNetInceptionV2	CHEMBL270	adam	0.001	15	0	0	0.8	0	1	0.9	0.8	0.9	0.91	0.88	458	46	483	60	0.01	0.95	0.94	0.96	0.95
convnetTop5Run_1530.out	ImageNetInceptionV2	CHEMBL4472	RMSprop	0.001	15	0	0	0.8	0	1	0.88	0.79	0.9	0.9	0.86	19	2	24	3	0.99	0.77	0.73	0.92	0.88
convnetTop5Run_3341.out	CNNModel	CHEMBL242	adam	0.0001	30	128	0	0.6	0	1	0.82	0.66	0.82	0.93	0.74	139	10	131	50	0.5	0.85	0.91	0.9	0.93
convnetTop5Run_909.out	CNNModel	CHEMBL3116	adam	0.0005	15	128	0	0.8	0	1	0.89	0.79	0.89	0.85	0.93	76	13	80	6	0.94	0.95	0.96	0.96	0.96
convnetTop5Run_1489.out	CNNModel	CHEMBL4652	adam	0.001	30	128	0	0.8	0	1	0.97	0.93	0.96	0.97	0.97	29	1	26	1	0.95	1	1	0.98	0.98
convnetTop5Run_1419.out	ImageNetInceptionV2	CHEMBL3012	adam	0.001	30	0	0	0.6	0	1	0.92	0.8	0.9	0.94	0.9	96	6	63	11	0.91	0.93	0.96	0.96	0.97
lowPerformedconvnetFinalRun_2518.out	CNNModel	CHEMBL204	RMSprop	0.0005	15	512	0	0.8	0	0	0.82	0.57	0.79	0.78	0.86	338	93	212	55	0.87	0.83	0.88	0.86	0.88
convnetTop5Run_2168.out	CNNModel	CHEMBL3785	adam	0.001	15	128	0	0.6	0	1	0.94	0.88	0.94	0.98	0.9	46	1	46	5	0.82	0.99	0.99	0.99	0.99
convnetTop5Run_217.out	CNNModel	CHEMBL1921	adam	0.001	15	256	0	0.8	0	1	0.92	0.84	0.92	0.89	0.95	42	5	39	2	0.92	0.98	0.98	0.96	0.97
convnetTop5Run_690.out	CNNModel	CHEMBL5719	adam	0.001	30	256	0	0.8	0	1	0.95	0.92	0.96	0.95	0.95	20	1	31	1	0.68	0.94	0.96	0.99	0.99
convnetTop5Run_1751.out	CNNModel	CHEMBL213	adam	0.001	15	128	0	0.8	0	1	0.87	0.73	0.87	0.84	0.89	136	25	128	16	0.75	0.93	0.91	0.92	0.92
convnetTop5Run_1655.out	ImageNetInceptionV2	CHEMBL256	adam	0.001	15	0	0	0.8	0	1	0.91	0.8	0.9	0.92	0.89	572	50	528	69	0.57	0.95	0.95	0.95	0.94
convnetTop5Run_1947.out	CNNModel	CHEMBL2474	adam	0.0005	30	128	0	0.6	0	1	0.74	0.65	0.8	1	0.59	13	0	22	9	0.8	0.78	0.86	0.89	0.93
convnetTop5Run_2917.out	ImageNetInceptionV2	CHEMBL255	adam	0.001	30	0	0	0.6	0	1	0.9	0.82	0.91	0.92	0.88	242	20	270	32	0.89	0.95	0.95	0.96	0.96
convnetTop5Run_2650.out	CNNModel	CHEMBL250	adam	0.001	30	32	0	0.8	0	1	0.84	0.71	0.85	0.84	0.85	57	11	65	10	0.93	0.92	0.92	0.94	0.93
lowPerformedconvnetFinalRun_45424.out	CNNModel	CHEMBL4026	adam	0.001	40	32	0	0.8	0	0	0.9	0.72	0.87	0.96	0.85	23	1	10	4	0.21	0.8	0.88	0.93	0.97
convnetTop5Run_2467.out	CNNModel	CHEMBL2854	adam	0.001	15	256	0	0.6	0	1	0.92	0.85	0.93	0.91	0.94	98	10	102	6	0.89	0.97	0.97	0.98	0.97
convnetTop5Run_2679.out	ImageNetInceptionV2	CHEMBL4336	adam	0.0005	30	0	0	0.8	0	1	0.9	0.81	0.9	0.85	0.95	40	7	43	2	0.69	0.93	0.93	0.97	0.97
convnetTop5Run_13.out	CNNModel	CHEMBL3836	adam	0.0005	30	32	0	0.6	0	1	0.83	0.65	0.83	0.83	0.83	40	8	36	8	0.58	0.84	0.86	0.91	0.93
convnetTop5Run_2588.out	ImageNetInceptionV2	CHEMBL3911	adam	0.001	15	0	0	0.6	0	1	0.95	0.9	0.95	0.92	0.98	58	5	58	1	0.99	0.97	0.96	0.99	0.98
convnetTop5Run_1198.out	ImageNetInceptionV2	CHEMBL3045	adam	0.0005	30	0	0	0.6	0	1	0.92	0.83	0.91	0.89	0.94	103	13	97	6	0.98	0.95	0.95	0.96	0.95
convnetTop5Run_2921.out	ImageNetInceptionV2	CHEMBL2971	adam	0.001	15	0	0	0.6	0	1	0.87	0.74	0.87	0.9	0.83	472	53	499	94	0.03	0.95	0.95	0.94	0.94
lowPerformedconvnetFinalRun_37173.out	CNNModel	CHEMBL2850	adam	0.001	30	128	0	0.6	0	0	0.73	0.62	0.79	0.59	0.95	19	13	35	1	0.07	0.72	0.67	0.91	0.76
lowPerformedconvnetFinalRun_16561.out	ImageNetInceptionV2	CHEMBL240	adam	0.0001	15	0	0	0.6	0	0	0.75	0.42	0.71	0.78	0.72	284	79	185	108	0.79	0.73	0.78	0.78	0.82
convnetTop5Run_802.out	CNNModel	CHEMBL3559	adam	0.001	30	32	0	0.6	0	1	0.9	0.77	0.88	0.94	0.86	30	2	23	5	0.7	0.8	0.89	0.95	0.97
convnetTop5Run_501.out	CNNModel	CHEMBL2966	adam	0.0005	30	32	0	0.8	0	1	0.82	0.67	0.83	0.81	0.84	21	5	24	4	0.02	0.95	0.95	0.88	0.81
convnetTop5Run_2030.out	CNNModel	CHEMBL1974	RMSprop	0.0005	30	32	0	0.8	0	1	0.81	0.59	0.79	0.78	0.84	218	62	176	40	0.23	0.89	0.89	0.89	0.9
convnetTop5Run_20.out	CNNModel	CHEMBL3833	adam	0.0005	15	128	0	0.8	0	1	0.98	0.97	0.98	1	0.97	60	0	61	2	0.8	0.99	0.99	1	1
lowPerformedconvnetFinalRun_44320.out	CNNModel	CHEMBL5103	adam	0.005	40	16	0	0.8	0	0	0.8	0.47	0.71	1	0.67	4	0	1	2	0.82	0.5	0.61	1	1
convnetTop5Run_2720.out	CNNModel	CHEMBL1902	adam	0.001	15	256	0	0.6	0	1	0.83	0.7	0.83	0.98	0.72	42	1	41	16	0.87	0.93	0.94	0.93	0.96
convnetTop5Run_241.out	ImageNetInceptionV2	CHEMBL4303	adam	0.0005	15	0	0	0.6	0	1	0.84	0.6	0.8	0.77	0.94	46	14	23	3	1	0.9	0.87	0.83	0.83
convnetTop5Run_413.out	CNNModel	CHEMBL2652	adam	0.001	30	32	0	0.8	0	1	0.95	0.9	0.95	0.97	0.94	89	3	89	6	0.98	0.96	0.95	0.99	0.99
convnetTop5Run_3437.out	ImageNetInceptionV2	CHEMBL252	adam	0.0005	15	0	0	0.8	0	1	0.87	0.76	0.88	0.9	0.84	192	22	235	37	0.77	0.94	0.94	0.95	0.94
convnetTop5Run_963.out	CNNModel	CHEMBL4393	adam	0.0005	30	256	0	0.6	0	1	0.86	0.71	0.85	0.91	0.82	78	8	66	17	0.95	0.9	0.92	0.91	0.94
lowPerformedconvnetFinalRun_37636.out	ImageNetInceptionV2	CHEMBL6007	momentum	0.01	30	0	0	0.8	0	0	0.86	0.85	0.97	1	0.75	3	0	33	1	0.05	0.81	0.69	0.95	0.85
convnetTop5Run_3313.out	CNNModel	CHEMBL2001	adam	0.001	30	128	0	0.8	0	1	0.97	0.94	0.97	0.99	0.96	166	2	146	7	0.18	0.98	0.99	0.99	1
convnetTop5Run_2876.out	ImageNetInceptionV2	CHEMBL248	adam	0.001	15	0	0	0.6	0	1	0.86	0.73	0.86	0.84	0.89	216	42	219	26	0.31	0.93	0.93	0.94	0.93
convnetTop5Run_2426.out	ImageNetInceptionV2	CHEMBL1870	adam	0.0005	30	0	0	0.6	0	1	0.94	0.85	0.93	0.93	0.96	25	2	15	1	0.99	0.97	0.96	0.99	0.99
convnetTop5Run_1896.out	ImageNetInceptionV2	CHEMBL4777	adam	0.0005	30	0	0	0.8	0	1	0.88	0.72	0.86	0.87	0.88	118	17	89	16	0.49	0.91	0.92	0.93	0.95
convnetTop5Run_383.out	CNNModel	CHEMBL2492	RMSprop	0.0005	30	256	0	0.6	0	1	0.88	0.6	0.83	0.82	0.95	63	14	19	3	0.5	0.84	0.89	0.84	0.9
convnetTop5Run_932.out	CNNModel	CHEMBL2028	RMSprop	0.001	15	128	0	0.8	0	1	0.92	0.83	0.91	0.91	0.93	127	12	109	10	0.58	0.95	0.96	0.97	0.98
convnetTop5Run_2576.out	CNNModel	CHEMBL5112	RMSprop	0.001	30	256	0	0.8	0	1	0.92	0.85	0.92	0.96	0.89	54	2	52	7	0.98	0.99	0.99	0.96	0.97
convnetTop5Run_1070.out	ImageNetInceptionV2	CHEMBL5747	adam	0.001	15	0	0	0.6	0	1	0.81	0.62	0.81	0.87	0.75	27	4	27	9	1	0.83	0.89	0.84	0.8
convnetTop5Run_1052.out	ImageNetInceptionV2	CHEMBL3582	adam	0.0005	5	0	0	0.6	0	1	0.81	0.68	0.84	0.91	0.72	42	4	60	16	1	0.89	0.89	0.91	0.91
convnetTop5Run_1083.out	CNNModel	CHEMBL5522	adam	0.0005	15	256	0	0.8	0	1	0.93	0.89	0.94	1	0.88	35	0	45	5	0.47	0.98	0.98	0.97	0.98
lowPerformedconvnetFinalRun_8644.out	ImageNetInceptionV2	CHEMBL2243	adam	0.001	15	0	0	0.8	0	0	0.86	0.57	0.79	0.75	1	63	21	16	0	0.4	0.74	0.78	0.9	0.93
convnetTop5Run_3261.out	ImageNetInceptionV2	CHEMBL208	adam	0.001	30	0	0	0.6	0	1	0.91	0.79	0.89	0.94	0.88	209	14	155	29	0.01	0.93	0.94	0.96	0.97
convnetTop5Run_51.out	ImageNetInceptionV2	CHEMBL5113	RMSprop	0.0005	15	0	0	0.6	0	1	0.91	0.82	0.91	0.92	0.89	262	23	308	32	0.99	0.98	0.98	0.97	0.97
convnetTop5Run_520.out	CNNModel	CHEMBL4601	adam	0.001	30	256	0	0.6	0	1	0.89	0.69	0.85	0.84	0.93	27	5	14	2	0.46	0.92	0.94	0.92	0.94
convnetTop5Run_911.out	ImageNetInceptionV2	CHEMBL1977	adam	0.0001	15	0	0	0.8	0	1	0.89	0.81	0.9	1	0.8	28	0	32	7	0.85	0.88	0.87	0.97	0.98
lowPerformedconvnetFinalRun_10622.out	ImageNetInceptionV2	CHEMBL3572	adam	0.0001	15	0	0	0.8	0	0	0.85	0.65	0.82	0.78	0.95	35	10	20	2	0.97	0.79	0.88	0.9	0.92
convnetTop5Run_510.out	CNNModel	CHEMBL2842	adam	0.0005	15	256	0	0.6	0	1	0.91	0.78	0.89	0.87	0.96	77	12	48	3	0.3	0.94	0.95	0.96	0.97
convnetTop5Run_2318.out	CNNModel	CHEMBL280	RMSprop	0.001	30	128	0	0.8	0	1	0.86	0.65	0.83	0.84	0.87	155	29	102	23	0.82	0.89	0.92	0.89	0.9
convnetTop5Run_2713.out	CNNModel	CHEMBL3066	RMSprop	0.0005	15	128	0	0.8	0	1	0.94	0.88	0.94	0.94	0.94	131	9	137	8	0.09	0.96	0.94	0.96	0.91
convnetTop5Run_2846.out	CNNModel	CHEMBL338	adam	0.0005	15	256	0	0.6	0	1	0.85	0.61	0.81	0.79	0.92	108	29	57	10	0.33	0.84	0.83	0.86	0.86
convnetTop5Run_1927.out	CNNModel	CHEMBL245	adam	0.0005	15	256	0	0.6	0	1	0.85	0.71	0.85	0.87	0.83	199	31	226	42	0.57	0.91	0.93	0.91	0.93
convnetTop5Run_3045.out	ImageNetInceptionV2	CHEMBL4631	adam	0.0005	30	0	0	0.8	0	1	0.88	0.77	0.88	0.87	0.89	33	5	35	4	0.4	0.97	0.98	0.95	0.91
convnetTop5Run_77.out	CNNModel	CHEMBL209	adam	0.0005	30	32	0	0.6	0	1	0.82	0.6	0.8	0.79	0.85	198	53	150	34	0.82	0.83	0.83	0.86	0.86
lowPerformedconvnetFinalRun_33787.out	CNNModel	CHEMBL333	adam	0.0005	30	256	0	0.6	0	0	0.71	0.5	0.69	0.98	0.56	45	1	36	36	0.94	0.75	0.88	0.85	0.93
convnetTop5Run_2982.out	ImageNetInceptionV2	CHEMBL249	adam	0.001	15	0	0	0.8	0	1	0.93	0.86	0.93	0.94	0.93	453	30	431	34	0.98	0.97	0.97	0.98	0.98
convnetTop5Run_1177.out	CNNModel	CHEMBL1811	adam	0.001	15	32	0	0.6	0	1	0.92	0.84	0.92	0.88	0.96	105	15	103	4	0.14	0.96	0.97	0.96	0.96
convnetTop5Run_3121.out	ImageNetInceptionV2	CHEMBL3717	adam	0.001	30	0	0	0.8	0	1	0.88	0.77	0.88	0.91	0.85	437	41	472	80	0.97	0.94	0.95	0.95	0.95
convnetTop5Run_1171.out	ImageNetInceptionV2	CHEMBL2938	adam	0.001	15	0	0	0.8	0	1	0.89	0.81	0.9	0.8	1	24	6	28	0	0.99	0.95	0.9	0.98	0.97
convnetTop5Run_1575.out	CNNModel	CHEMBL5137	adam	0.001	30	128	0	0.6	0	1	0.88	0.82	0.91	0.97	0.81	38	1	59	9	1	0.91	0.92	0.91	0.93
convnetTop5Run_1736.out	CNNModel	CHEMBL4308	adam	0.0005	15	128	0	0.6	0	1	0.95	0.9	0.95	0.96	0.94	90	4	105	6	0.99	0.97	0.98	0.98	0.97
convnetTop5Run_1108.out	ImageNetInceptionV2	CHEMBL233	RMSprop	0.0005	30	0	0	0.8	0	1	0.88	0.76	0.88	0.89	0.88	589	76	532	78	0.87	0.94	0.95	0.93	0.93
lowPerformedconvnetFinalRun_14134.out	CNNModel	CHEMBL4005	adam	0.001	15	128	0	0.8	0	0	0.84	0.55	0.79	0.81	0.87	62	15	29	9	0.69	0.8	0.81	0.87	0.91
convnetTop5Run_831.out	CNNModel	CHEMBL4077	adam	0.0005	15	32	0	0.6	0	1	0.92	0.84	0.92	0.9	0.94	46	5	45	3	0.64	0.96	0.93	0.94	0.93
convnetTop5Run_185.out	CNNModel	CHEMBL3199	adam	0.0005	30	128	0	0.8	0	1	0.83	0.69	0.84	0.86	0.8	131	22	161	32	0.88	0.89	0.91	0.9	0.91
convnetTop5Run_2892.out	CNNModel	CHEMBL4101	adam	0.001	30	128	0	0.8	0	1	0.83	0.64	0.82	0.8	0.87	20	5	16	3	0.75	0.87	0.92	0.89	0.93
convnetTop5Run_3270.out	ImageNetInceptionV2	CHEMBL4079	adam	0.0005	15	0	0	0.8	0	1	0.94	0.85	0.93	0.92	0.95	37	3	25	2	0.01	0.9	0.77	0.99	0.99
convnetTop5Run_127.out	ImageNetInceptionV2	CHEMBL274	adam	0.0005	15	0	0	0.8	0	1	0.94	0.87	0.94	0.94	0.94	322	21	283	21	0.33	0.97	0.97	0.97	0.97
convnetTop5Run_547.out	CNNModel	CHEMBL3510	adam	0.001	30	256	0	0.8	0	1	0.8	0.6	0.8	0.84	0.77	72	14	69	22	0.05	0.87	0.9	0.84	0.88
convnetTop5Run_1761.out	CNNModel	CHEMBL225	adam	0.0001	30	32	0	0.8	0	1	0.87	0.75	0.87	0.9	0.84	445	47	448	82	0.7	0.91	0.92	0.93	0.93
convnetTop5Run_955.out	ImageNetInceptionV2	CHEMBL1075293	RMSprop	0.0001	30	0	0	0.8	0	1	0.77	0.57	0.78	0.86	0.69	18	3	20	8	0.27	0.85	0.93	0.84	0.88
lowPerformedconvnetFinalRun_51297.out	CNNModel	CHEMBL4822	RMSprop	0.0005	40	512	0	0.6	0	0	0.8	0.49	0.76	0.78	0.83	128	36	68	27	0.55	0.81	0.85	0.84	0.88
convnetTop5Run_331.out	CNNModel	CHEMBL2207	RMSprop	0.001	30	128	0	0.6	0	1	0.98	0.95	0.98	1	0.96	70	0	58	3	0.09	0.99	0.99	1	1
convnetTop5Run_2602.out	ImageNetInceptionV2	CHEMBL273	RMSprop	0.001	15	0	0	0.6	0	1	0.93	0.83	0.92	0.94	0.92	751	52	558	68	0.21	0.96	0.97	0.97	0.97
convnetTop5Run_1120.out	CNNModel	CHEMBL5408	adam	0.0005	30	256	0	0.6	0	1	0.88	0.78	0.89	0.86	0.9	37	6	43	4	0.02	0.92	0.93	0.97	0.96
convnetTop5Run_209.out	CNNModel	CHEMBL3468	adam	0.001	30	32	0	0.8	0	1	0.81	0.59	0.79	0.88	0.75	30	4	23	10	0.82	0.81	0.91	0.82	0.89
lowPerformedconvnetFinalRun_27153.out	CNNModel	CHEMBL3455	adam	0.001	30	512	0	0.6	0	0	0.94	0.9	0.95	0.89	1	8	1	10	0	0.6	0.76	0.68	0.98	0.97
convnetTop5Run_288.out	ImageNetInceptionV2	CHEMBL3571	adam	0.001	15	0	0	0.8	0	1	0.92	0.85	0.92	0.91	0.94	243	25	250	15	0.05	0.97	0.97	0.96	0.95
convnetTop5Run_1550.out	ImageNetInceptionV2	CHEMBL3272	adam	0.0005	15	0	0	0.8	0	1	0.78	0.6	0.8	0.78	0.78	18	5	23	5	0.75	0.85	0.88	0.87	0.88
convnetTop5Run_2843.out	ImageNetInceptionV2	CHEMBL5247	adam	0.0005	15	0	0	0.8	0	1	0.88	0.81	0.91	0.81	0.95	21	5	38	1	0.23	0.92	0.91	0.96	0.89
convnetTop5Run_1298.out	CNNModel	CHEMBL2439944	adam	0.0005	30	32	0	0.8	0	1	0.96	0.91	0.96	0.98	0.95	39	1	28	2	0.25	0.98	0.99	0.99	0.99
convnetTop5Run_3185.out	ImageNetInceptionV2	CHEMBL4317	adam	0.0001	15	0	0	0.6	0	1	0.91	0.79	0.89	0.91	0.91	29	3	22	3	0.07	0.95	0.96	0.97	0.97
convnetTop5Run_1905.out	CNNModel	CHEMBL4975	adam	0.001	15	32	0	0.8	0	1	0.9	0.8	0.9	0.92	0.89	108	10	99	13	0.25	0.92	0.93	0.94	0.96
convnetTop5Run_387.out	ImageNetInceptionV2	CHEMBL3905	adam	0.0001	5	0	0	0.6	0	1	0.82	0.63	0.81	0.8	0.84	37	9	33	7	0.02	0.89	0.82	0.86	0.83
convnetTop5Run_3114.out	CNNModel	CHEMBL1867	adam	0.0005	30	128	0	0.8	0	1	0.77	0.59	0.79	0.85	0.71	110	20	131	44	1	0.89	0.91	0.87	0.89
convnetTop5Run_941.out	ImageNetInceptionV2	CHEMBL5407	adam	0.0005	30	0	0	0.8	0	1	0.89	0.77	0.88	0.89	0.88	140	17	132	19	0.98	0.96	0.97	0.95	0.95
convnetTop5Run_132.out	CNNModel	CHEMBL1981	adam	0.0005	15	128	0	0.8	0	1	0.85	0.69	0.85	0.82	0.87	93	20	95	14	0.7	0.87	0.85	0.93	0.94
convnetTop5Run_3290.out	CNNModel	CHEMBL3892	RMSprop	0.001	30	256	0	0.6	0	1	0.94	0.9	0.95	0.95	0.94	110	6	131	7	0.6	0.97	0.97	0.99	0.99
lowPerformedconvnetFinalRun_16760.out	ImageNetInceptionV2	CHEMBL5508	momentum	0.005	15	0	0	0.8	0	0	0.73	0.46	0.72	0.68	0.8	138	66	128	35	0.47	0.75	0.76	0.78	0.73
convnetTop5Run_2518.out	ImageNetInceptionV2	CHEMBL2714	adam	0.001	15	0	0	0.6	0	1	0.98	0.96	0.98	0.96	1	23	1	25	0	0.93	0.96	0.94	0.98	0.97
convnetTop5Run_2726.out	ImageNetInceptionV2	CHEMBL4828	adam	0.001	30	0	0	0.6	0	1	0.92	0.77	0.89	0.89	0.94	33	4	17	2	0.49	0.95	0.96	0.89	0.91
lowPerformedconvnetFinalRun_48621.out	ImageNetInceptionV2	CHEMBL4361	RMSprop	0.0001	40	0	0	0.6	0	0	0.1	0.15	0.46	1	0.05	1	0	15	19	0.03	0.81	0.91	0.91	0.93
convnetTop5Run_700.out	CNNModel	CHEMBL4123	adam	0.001	30	256	0	0.8	0	1	0.91	0.79	0.9	0.92	0.89	34	3	27	4	0.94	0.94	0.93	0.96	0.97
convnetTop5Run_881.out	CNNModel	CHEMBL232	RMSprop	0.001	30	128	0	0.6	0	1	0.91	0.81	0.9	0.94	0.88	221	15	198	30	0.15	0.95	0.95	0.95	0.96
convnetTop5Run_2434.out	CNNModel	CHEMBL304	RMSprop	0.001	30	256	0	0.8	0	1	0.82	0.58	0.8	0.8	0.84	123	30	84	23	0.56	0.89	0.89	0.87	0.89
convnetTop5Run_1872.out	ImageNetInceptionV2	CHEMBL234	RMSprop	0.001	15	0	0	0.6	0	1	0.88	0.77	0.88	0.9	0.86	604	66	609	95	0.57	0.96	0.96	0.95	0.95
convnetTop5Run_684.out	ImageNetInceptionV2	CHEMBL4801	adam	0.0005	30	0	0	0.8	0	1	0.84	0.66	0.82	0.92	0.77	44	4	35	13	0.91	0.87	0.91	0.89	0.91
convnetTop5Run_3138.out	CNNModel	CHEMBL1889	adam	0.0005	30	128	0	0.6	0	1	0.93	0.87	0.93	0.92	0.93	94	8	116	7	0.47	0.95	0.95	0.97	0.97
lowPerformedconvnetFinalRun_27398.out	CNNModel	CHEMBL2716	adam	0.0005	30	16	0	0.8	0	0	0.67	0.52	0.8	0.67	0.67	2	1	6	1	0.36	0.88	0.58	0.9	0.81
convnetTop5Run_340.out	CNNModel	CHEMBL219	adam	0.0005	15	256	0	0.6	0	1	0.9	0.8	0.9	0.92	0.88	391	32	374	53	0.97	0.94	0.95	0.95	0.96
convnetTop5Run_3211.out	ImageNetInceptionV2	CHEMBL3230	adam	0.0005	15	0	0	0.8	0	1	0.98	0.97	0.98	1	0.97	31	0	28	1	0.87	0.99	0.99	1	1
convnetTop5Run_2158.out	ImageNetInceptionV2	CHEMBL3223	RMSprop	0.0005	30	0	0	0.6	0	1	0.86	0.72	0.86	0.81	0.91	60	14	62	6	0.18	0.96	0.93	0.92	0.87
convnetTop5Run_1463.out	CNNModel	CHEMBL2147	RMSprop	0.0001	30	256	0	0.6	0	1	0.85	0.72	0.86	0.88	0.82	275	37	336	62	0.97	0.92	0.93	0.93	0.93
convnetTop5Run_2817.out	CNNModel	CHEMBL3587	adam	0.001	15	128	0	0.8	0	1	0.84	0.71	0.84	0.93	0.76	98	7	109	31	0.63	0.87	0.89	0.9	0.92
convnetTop5Run_1974.out	CNNModel	CHEMBL2959	adam	0.001	30	32	0	0.6	0	1	0.88	0.79	0.89	0.9	0.86	91	10	119	15	0.68	0.93	0.93	0.95	0.93
convnetTop5Run_180.out	CNNModel	CHEMBL3070	adam	0.0005	15	128	0	0.8	0	1	0.88	0.82	0.91	1	0.79	15	0	25	4	0.86	0.99	0.99	0.96	0.96
convnetTop5Run_765.out	CNNModel	CHEMBL2016	adam	0.001	30	32	0	0.6	0	1	0.87	0.78	0.89	0.95	0.8	39	2	57	10	0.93	0.92	0.92	0.93	0.94
convnetTop5Run_1603.out	ImageNetInceptionV2	CHEMBL307	adam	0.0001	15	0	0	0.8	0	1	0.76	0.56	0.73	0.62	0.97	35	21	26	1	1	0.94	0.93	0.92	0.92
convnetTop5Run_1982.out	CNNModel	CHEMBL4462	adam	0.0005	30	256	0	0.8	0	1	0.8	0.65	0.82	0.9	0.72	43	5	57	17	0.17	0.82	0.86	0.85	0.87
convnetTop5Run_3005.out	CNNModel	CHEMBL2274	adam	0.001	30	256	0	0.8	0	1	0.98	0.95	0.97	0.96	1	45	2	29	0	0.14	0.98	0.99	0.99	0.99
convnetTop5Run_1809.out	CNNModel	CHEMBL3976	adam	0.0005	30	128	0	0.8	0	1	0.78	0.58	0.78	0.88	0.7	77	11	78	33	0.95	0.83	0.87	0.87	0.9
convnetTop5Run_713.out	CNNModel	CHEMBL4561	RMSprop	0.0005	30	256	0	0.6	0	1	0.91	0.82	0.91	0.93	0.89	175	13	184	22	0.81	0.94	0.95	0.96	0.96
convnetTop5Run_2314.out	CNNModel	CHEMBL1936	adam	0.0005	15	256	0	0.8	0	1	0.82	0.66	0.83	0.81	0.82	117	27	144	26	0.2	0.9	0.91	0.89	0.89
convnetTop5Run_2244.out	CNNModel	CHEMBL246	adam	0.0005	30	32	0	0.8	0	1	0.86	0.75	0.88	0.89	0.84	64	8	80	12	0.81	0.93	0.9	0.95	0.92
lowPerformedconvnetFinalRun_50251.out	CNNModel	CHEMBL335	adam	0.0001	40	16	0	0.6	0	0	0.7	0.51	0.72	0.57	0.91	63	48	76	6	0.12	0.82	0.77	0.84	0.76
convnetTop5Run_2407.out	ImageNetInceptionV2	CHEMBL3638364	adam	0.001	15	0	0	0.8	0	1	0.88	0.75	0.88	0.84	0.93	26	5	23	2	0.81	0.94	0.94	0.94	0.94
convnetTop5Run_981.out	ImageNetInceptionV2	CHEMBL253	RMSprop	0.0005	15	0	0	0.8	0	1	0.92	0.84	0.92	0.92	0.93	661	58	586	52	0.83	0.97	0.98	0.98	0.98
convnetTop5Run_564.out	CNNModel	CHEMBL2049	adam	0.0005	30	256	0	0.8	0	1	0.91	0.85	0.92	0.92	0.91	90	8	116	9	0.44	0.93	0.89	0.97	0.97
convnetTop5Run_727.out	ImageNetInceptionV2	CHEMBL4070	adam	0.001	15	0	0	0.6	0	1	0.88	0.71	0.85	0.81	0.95	35	8	23	2	0.17	0.91	0.87	0.93	0.93
convnetTop5Run_2000.out	ImageNetInceptionV2	CHEMBL3018	adam	0.001	5	0	0	0.8	0	1	0.82	0.65	0.82	0.78	0.86	51	14	51	8	1	0.82	0.82	0.92	0.94
convnetTop5Run_2758.out	CNNModel	CHEMBL281	adam	0.001	30	32	0	0.8	0	1	0.9	0.76	0.88	0.87	0.93	93	14	62	7	0.07	0.96	0.97	0.94	0.96
convnetTop5Run_270.out	CNNModel	CHEMBL4358	adam	0.001	30	256	0	0.6	0	1	0.79	0.56	0.78	0.73	0.86	24	9	21	4	0.99	0.88	0.89	0.81	0.83
lowPerformedconvnetFinalRun_46538.out	CNNModel	CHEMBL3464	adam	0.0005	40	128	0	0.8	0	0	0.74	0.5	0.75	0.69	0.79	42	19	46	11	0.89	0.81	0.77	0.85	0.78
convnetTop5Run_1537.out	ImageNetInceptionV2	CHEMBL3478	adam	0.001	15	0	0	0.6	0	1	0.83	0.71	0.83	1	0.7	31	0	33	13	0.97	0.87	0.91	0.94	0.97
lowPerformedconvnetFinalRun_33335.out	CNNModel	CHEMBL1865	adam	0.01	30	16	0	0.6	0	0	0.83	0.5	0.77	0.85	0.81	17	3	7	4	0.23	0.65	0.71	0.83	0.92
convnetTop5Run_1286.out	ImageNetInceptionV2	CHEMBL5776	adam	0.0005	15	0	0	0.8	0	1	0.83	0.74	0.85	1	0.71	17	0	23	7	0.03	0.91	0.89	0.96	0.97
convnetTop5Run_2509.out	CNNModel	CHEMBL313	RMSprop	0.0005	30	128	0	0.8	0	1	0.76	0.58	0.78	0.88	0.67	84	11	96	41	0.95	0.84	0.88	0.88	0.88
convnetTop5Run_1304.out	CNNModel	CHEMBL223	adam	0.0005	15	32	0	0.6	0	1	0.89	0.8	0.9	0.92	0.86	172	14	222	29	0.47	0.93	0.92	0.96	0.95
convnetTop5Run_2970.out	CNNModel	CHEMBL3920	adam	0.0001	30	32	0	0.6	0	1	0.89	0.78	0.89	0.87	0.92	99	15	92	9	0.4	0.94	0.93	0.95	0.95
convnetTop5Run_3094.out	ImageNetInceptionV2	CHEMBL1787	adam	0.001	5	0	0	0.8	0	1	0.95	0.91	0.95	0.95	0.96	69	4	75	3	0.57	0.98	0.97	0.96	0.93
lowPerformedconvnetFinalRun_63063.out	CNNModel	CHEMBL4145	adam	0.001	40	32	0	0.6	0	0	0.89	0.77	0.89	0.88	0.91	21	3	18	2	0.94	0.84	0.88	0.91	0.91
convnetTop5Run_1770.out	CNNModel	CHEMBL230	adam	0.0001	30	32	0	0.8	0	1	0.84	0.59	0.81	0.84	0.84	314	58	185	62	0.4	0.83	0.89	0.87	0.91
lowPerformedconvnetFinalRun_38378.out	CNNModel	CHEMBL3229	adam	0.0005	30	16	0	0.8	0	0	0.77	0.43	0.73	0.8	0.75	24	6	13	8	0.69	0.72	0.75	0.84	0.87
convnetTop5Run_2172.out	CNNModel	CHEMBL1075323	adam	0.0005	15	32	0	0.8	0	1	0.87	0.74	0.86	0.95	0.8	20	1	18	5	0.17	0.89	0.86	0.98	0.99
convnetTop5Run_3177.out	ImageNetInceptionV2	CHEMBL4132	RMSprop	0.0005	15	0	0	0.8	0	1	0.77	0.63	0.81	0.85	0.71	17	3	27	7	0.93	0.8	0.87	0.85	0.78
convnetTop5Run_1115.out	ImageNetInceptionV2	CHEMBL6140	adam	0.0005	15	0	0	0.6	0	1	0.96	0.9	0.95	0.99	0.93	147	2	106	11	0.89	0.98	0.99	0.98	0.99
convnetTop5Run_1658.out	CNNModel	CHEMBL3663	adam	0.0005	15	32	0	0.6	0	1	0.84	0.67	0.84	0.84	0.84	38	7	33	7	0.5	0.9	0.88	0.86	0.86
convnetTop5Run_2742.out	CNNModel	CHEMBL2326	adam	0.0005	30	32	0	0.6	0	1	0.76	0.54	0.76	0.85	0.69	66	12	69	30	0.46	0.85	0.9	0.85	0.86
convnetTop5Run_75.out	ImageNetInceptionV2	CHEMBL340	adam	0.0005	15	0	0	0.6	0	1	0.89	0.76	0.88	0.89	0.89	47	6	43	6	0.3	0.89	0.9	0.94	0.94
convnetTop5Run_1498.out	CNNModel	CHEMBL5145	adam	0.0005	30	128	0	0.8	0	1	0.9	0.81	0.9	0.93	0.88	310	24	315	42	0.64	0.95	0.96	0.95	0.96
convnetTop5Run_487.out	ImageNetInceptionV2	CHEMBL315	adam	0.0005	15	0	0	0.8	0	1	0.77	0.56	0.76	0.68	0.9	27	13	24	3	0.09	0.71	0.67	0.84	0.8
convnetTop5Run_1780.out	ImageNetInceptionV2	CHEMBL4552	adam	0.001	30	0	0	0.8	0	1	0.92	0.79	0.9	0.98	0.87	48	1	23	7	0.31	0.9	0.95	0.94	0.98
convnetTop5Run_3339.out	ImageNetInceptionV2	CHEMBL2568	adam	0.001	15	0	0	0.6	0	1	0.94	0.85	0.93	0.92	0.96	72	6	44	3	0.02	0.95	0.96	0.95	0.96
convnetTop5Run_2933.out	CNNModel	CHEMBL299	adam	0.0001	30	32	0	0.6	0	1	0.83	0.68	0.84	0.83	0.84	113	23	121	22	0.12	0.89	0.87	0.91	0.9
convnetTop5Run_393.out	ImageNetInceptionV2	CHEMBL1741186	adam	0.001	5	0	0	0.8	0	1	0.84	0.71	0.85	0.78	0.91	83	23	92	8	0.17	0.91	0.9	0.92	0.89
convnetTop5Run_1060.out	CNNModel	CHEMBL2534	adam	0.0005	30	32	0	0.8	0	1	0.92	0.85	0.93	0.95	0.89	116	6	132	14	0.93	0.94	0.96	0.96	0.97
convnetTop5Run_1191.out	ImageNetInceptionV2	CHEMBL3374	adam	0.0005	15	0	0	0.6	0	1	0.89	0.84	0.92	0.97	0.82	33	1	58	7	0.98	0.98	0.98	0.96	0.95
convnetTop5Run_1384.out	ImageNetInceptionV2	CHEMBL3869	RMSprop	0.0005	15	0	0	0.8	0	1	0.79	0.56	0.78	0.78	0.8	90	25	78	22	0.99	0.83	0.82	0.85	0.86
convnetTop5Run_2237.out	CNNModel	CHEMBL4130	adam	0.001	15	32	0	0.8	0	1	0.93	0.86	0.93	0.98	0.89	39	1	38	5	0.69	0.97	0.98	0.98	0.99
convnetTop5Run_1560.out	CNNModel	CHEMBL1878	adam	0.0005	15	256	0	0.6	0	1	0.93	0.87	0.94	0.91	0.95	41	4	48	2	0.73	0.95	0.96	0.97	0.96
convnetTop5Run_2609.out	CNNModel	CHEMBL3181	adam	0.001	30	128	0	0.6	0	1	0.88	0.76	0.88	0.95	0.83	38	2	32	8	0.28	0.91	0.95	0.95	0.97
convnetTop5Run_2805.out	ImageNetInceptionV2	CHEMBL5462	adam	0.0005	15	0	0	0.8	0	1	0.93	0.82	0.91	0.89	0.99	78	10	37	1	0.57	0.96	0.97	0.98	0.99
lowPerformedconvnetFinalRun_52808.out	CNNModel	CHEMBL4657	adam	0.0005	40	32	0	0.8	0	0	0.76	0.52	0.75	0.67	0.87	78	38	69	12	0.14	0.8	0.77	0.86	0.83
convnetTop5Run_2011.out	CNNModel	CHEMBL2742	adam	0.0005	15	32	0	0.8	0	1	0.94	0.86	0.93	0.98	0.89	109	2	89	13	0.79	0.95	0.96	0.99	0.99
lowPerformedconvnetFinalRun_61118.out	CNNModel	CHEMBL3969	adam	0.0005	40	128	0	0.8	0	0	0.8	0.58	0.79	0.75	0.86	30	10	25	5	0.07	0.69	0.66	0.85	0.83
convnetTop5Run_3242.out	CNNModel	CHEMBL2693	adam	0.001	30	256	0	0.8	0	1	0.87	0.72	0.86	0.89	0.86	24	3	19	4	0.77	0.94	0.97	0.89	0.86
convnetTop5Run_1466.out	ImageNetInceptionV2	CHEMBL1850	adam	0.001	15	0	0	0.6	0	1	0.88	0.72	0.86	0.82	0.95	40	9	27	2	0.83	0.95	0.94	0.94	0.95
convnetTop5Run_1852.out	CNNModel	CHEMBL4566	adam	0.0005	15	128	0	0.8	0	1	0.88	0.74	0.87	0.87	0.9	146	22	119	17	0.31	0.92	0.91	0.94	0.94
convnetTop5Run_1011.out	CNNModel	CHEMBL2252	RMSprop	0.001	30	128	0	0.6	0	1	0.93	0.86	0.93	0.96	0.91	100	4	79	10	0.95	0.95	0.98	0.96	0.98
convnetTop5Run_2299.out	ImageNetInceptionV2	CHEMBL4829	adam	0.001	15	0	0	0.8	0	1	0.89	0.74	0.86	0.8	1	44	11	23	0	1	0.96	0.95	0.9	0.87
lowPerformedconvnetFinalRun_36969.out	CNNModel	CHEMBL4718	adam	0.005	30	32	0	0.6	0	0	0.86	0.75	0.86	0.75	1	3	1	3	0	0.58	0.83	0.89	1	1
convnetTop5Run_1397.out	CNNModel	CHEMBL2782	adam	0.001	30	32	0	0.8	0	1	0.76	0.71	0.87	1	0.61	14	0	45	9	0.98	0.85	0.82	0.89	0.89
convnetTop5Run_568.out	CNNModel	CHEMBL3060	adam	0.0005	15	128	0	0.8	0	1	0.71	0.57	0.79	0.86	0.6	12	2	25	8	0.76	0.89	0.88	0.83	0.86
convnetTop5Run_3378.out	CNNModel	CHEMBL1163125	adam	0.0005	30	32	0	0.6	0	1	0.85	0.66	0.83	0.85	0.85	67	12	51	12	0.92	0.81	0.8	0.9	0.9
convnetTop5Run_2269.out	CNNModel	CHEMBL2292	adam	0.001	30	256	0	0.6	0	1	0.68	0.58	0.77	0.97	0.52	33	1	70	30	1	0.89	0.91	0.89	0.88
convnetTop5Run_3239.out	CNNModel	CHEMBL3514	adam	0.0005	30	256	0	0.6	0	1	0.91	0.82	0.91	0.88	0.94	59	8	61	4	0.15	0.97	0.98	0.95	0.95
convnetTop5Run_1356.out	CNNModel	CHEMBL2635	adam	0.001	30	32	0	0.8	0	1	0.83	0.63	0.82	0.79	0.88	30	8	23	4	0.68	0.81	0.81	0.8	0.81
convnetTop5Run_3011.out	CNNModel	CHEMBL235	adam	0.001	30	128	0	0.8	0	1	0.89	0.71	0.86	0.86	0.92	258	43	143	22	0.3	0.92	0.93	0.92	0.94
convnetTop5Run_2986.out	ImageNetInceptionV2	CHEMBL3055	adam	0.0005	30	0	0	0.8	0	1	0.88	0.72	0.86	0.83	0.93	25	5	18	2	0.69	0.84	0.7	0.91	0.86
convnetTop5Run_1275.out	CNNModel	CHEMBL3476	adam	0.001	30	32	0	0.6	0	1	0.79	0.6	0.8	0.78	0.81	42	12	45	10	0.14	0.9	0.93	0.86	0.85
convnetTop5Run_666.out	CNNModel	CHEMBL3778	adam	0.0005	30	32	0	0.6	0	1	0.79	0.69	0.85	0.89	0.71	42	5	82	17	0.68	0.89	0.92	0.9	0.87
convnetTop5Run_3294.out	ImageNetInceptionV2	CHEMBL4028	RMSprop	0.0001	30	0	0	0.8	0	1	0.88	0.76	0.88	0.92	0.85	23	2	21	4	0.2	0.97	0.95	0.95	0.97
convnetTop5Run_806.out	CNNModel	CHEMBL4429	adam	0.0005	30	128	0	0.8	0	1	0.95	0.9	0.95	0.97	0.94	124	4	112	8	0.93	0.98	0.98	0.98	0.99
convnetTop5Run_1869.out	CNNModel	CHEMBL3155	adam	0.0001	30	32	0	0.8	0	1	0.88	0.74	0.87	0.86	0.9	292	49	255	34	0.76	0.93	0.93	0.93	0.92
convnetTop5Run_2495.out	CNNModel	CHEMBL4439	adam	0.001	15	256	0	0.6	0	1	0.87	0.77	0.88	0.92	0.82	103	9	129	22	1	0.95	0.96	0.95	0.96
convnetTop5Run_1257.out	ImageNetInceptionV2	CHEMBL2996	RMSprop	0.0005	30	0	0	0.6	0	1	0.91	0.83	0.92	0.95	0.88	100	5	106	14	1	0.91	0.89	0.96	0.96
convnetTop5Run_2040.out	CNNModel	CHEMBL5932	adam	0.001	30	128	0	0.6	0	1	0.88	0.79	0.89	0.9	0.85	28	3	40	5	0.63	0.94	0.96	0.93	0.94
convnetTop5Run_138.out	CNNModel	CHEMBL2508	RMSprop	0.001	30	128	0	0.6	0	1	0.97	0.95	0.97	1	0.95	53	0	58	3	0.95	0.99	0.99	0.99	0.99
convnetTop5Run_2104.out	CNNModel	CHEMBL1941	adam	0.001	30	256	0	0.6	0	1	0.8	0.56	0.78	0.76	0.83	35	11	29	7	0.38	0.85	0.88	0.84	0.85
convnetTop5Run_2186.out	CNNModel	CHEMBL1795186	adam	0.001	15	128	0	0.6	0	1	0.91	0.84	0.92	0.96	0.87	46	2	52	7	0.3	0.94	0.95	0.95	0.96
convnetTop5Run_2129.out	CNNModel	CHEMBL4198	adam	0.001	30	256	0	0.8	0	1	0.86	0.63	0.82	0.81	0.91	75	18	41	7	0.05	0.84	0.9	0.91	0.9
convnetTop5Run_1134.out	CNNModel	CHEMBL265	adam	0.0005	30	128	0	0.6	0	1	0.9	0.78	0.89	0.9	0.9	120	14	111	14	0.31	0.9	0.91	0.93	0.93
convnetTop5Run_2098.out	ImageNetInceptionV2	CHEMBL2336	adam	0.0001	15	0	0	0.8	0	1	0.84	0.67	0.83	0.81	0.87	34	8	31	5	1	0.94	0.95	0.85	0.87
convnetTop5Run_3209.out	CNNModel	CHEMBL4616	adam	0.0001	30	128	0	0.8	0	1	0.89	0.76	0.88	0.86	0.92	153	25	132	14	0.68	0.93	0.92	0.94	0.95
convnetTop5Run_3467.out	CNNModel	CHEMBL2413	RMSprop	0.001	30	128	0	0.8	0	1	0.9	0.8	0.9	0.92	0.88	108	10	111	15	0.23	0.93	0.95	0.96	0.97
convnetTop5Run_353.out	CNNModel	CHEMBL3991	adam	0.0001	30	32	0	0.8	0	1	0.8	0.63	0.81	0.8	0.8	53	13	61	13	0.37	0.83	0.84	0.88	0.84
convnetTop5Run_2460.out	ImageNetInceptionV2	CHEMBL5076	adam	0.0001	5	0	0	0.6	0	1	0.92	0.82	0.91	0.91	0.93	79	8	61	6	0.64	0.94	0.94	0.95	0.96
convnetTop5Run_3141.out	ImageNetInceptionV2	CHEMBL2564	adam	0.001	15	0	0	0.6	0	1	0.9	0.77	0.88	0.84	0.97	64	12	43	2	0.5	0.9	0.91	0.94	0.92
convnetTop5Run_3025.out	CNNModel	CHEMBL257	adam	0.0005	15	32	0	0.8	0	1	0.94	0.87	0.93	0.89	0.99	101	12	77	1	0.05	0.98	0.98	0.99	0.99
convnetTop5Run_642.out	ImageNetInceptionV2	CHEMBL237	adam	0.0005	15	0	0	0.6	0	1	0.89	0.77	0.89	0.9	0.88	535	61	484	70	0.76	0.93	0.93	0.95	0.95
convnetTop5Run_376.out	ImageNetInceptionV2	CHEMBL4781	adam	0.0005	15	0	0	0.6	0	1	0.93	0.87	0.93	1	0.87	26	0	29	4	0.2	0.98	0.98	0.97	0.98
convnetTop5Run_1614.out	ImageNetInceptionV2	CHEMBL2599	RMSprop	0.0005	15	0	0	0.6	0	1	0.91	0.84	0.92	0.95	0.88	358	20	410	47	0.17	0.96	0.97	0.97	0.97
convnetTop5Run_2450.out	ImageNetInceptionV2	CHEMBL264	RMSprop	0.0005	15	0	0	0.8	0	1	0.94	0.89	0.95	0.94	0.94	528	31	541	31	0.02	0.99	0.98	0.98	0.98
lowPerformedconvnetFinalRun_63811.out	CNNModel	CHEMBL3267	adam	0.0001	40	128	0	0.6	0	0	0.84	0.5	0.77	0.75	0.96	64	21	18	3	0.47	0.64	0.77	0.86	0.89
convnetTop5Run_1183.out	CNNModel	CHEMBL4111	RMSprop	0.001	30	256	0	0.8	0	1	0.98	0.96	0.98	1	0.96	46	0	42	2	0.99	0.98	0.99	1	1
convnetTop5Run_975.out	ImageNetInceptionV2	CHEMBL1900	adam	0.001	5	0	0	0.8	0	1	0.79	0.6	0.8	0.82	0.76	91	20	102	29	0.61	0.82	0.82	0.88	0.88
lowPerformedconvnetFinalRun_49084.out	CNNModel	CHEMBL5221	adam	0.001	40	256	0	0.8	0	0	0.33	0.2	0.33	1	0.2	1	0	1	4	0.83	0.78	0.87	1	1
convnetTop5Run_65.out	CNNModel	CHEMBL2973	RMSprop	0.0005	30	256	0	0.8	0	1	0.9	0.81	0.91	0.89	0.92	218	28	233	19	0.15	0.92	0.93	0.97	0.97
convnetTop5Run_2085.out	CNNModel	CHEMBL4908	RMSprop	0.0005	15	256	0	0.8	0	1	0.94	0.89	0.94	0.95	0.94	177	10	175	11	0.1	0.98	0.98	0.99	0.99
convnetTop5Run_1955.out	CNNModel	CHEMBL3768	adam	0.001	15	128	0	0.8	0	1	0.96	0.89	0.95	0.94	0.98	58	4	31	1	0.4	0.89	0.93	0.95	0.95
convnetTop5Run_2786.out	ImageNetInceptionV2	CHEMBL2820	adam	0.0001	30	0	0	0.8	0	1	0.84	0.67	0.83	0.86	0.82	67	11	63	15	0.03	0.88	0.91	0.91	0.92
convnetTop5Run_1887.out	CNNModel	CHEMBL5669	adam	0.0005	30	128	0	0.8	0	1	0.92	0.82	0.91	0.95	0.89	40	2	31	5	0.49	0.93	0.92	0.94	0.95
convnetTop5Run_2211.out	CNNModel	CHEMBL3524	adam	0.0005	30	128	0	0.6	0	1	0.83	0.69	0.83	0.96	0.72	71	3	73	27	0.95	0.9	0.93	0.91	0.94
convnetTop5Run_2389.out	CNNModel	CHEMBL3706	adam	0.0005	30	128	0	0.6	0	1	0.89	0.7	0.86	0.87	0.91	135	21	77	14	0.05	0.92	0.94	0.94	0.96
convnetTop5Run_1476.out	ImageNetInceptionV2	CHEMBL2499	adam	0.001	15	0	0	0.8	0	1	0.88	0.75	0.86	0.79	1	23	6	15	0	1	0.96	0.95	0.99	0.99
convnetTop5Run_2217.out	ImageNetInceptionV2	CHEMBL2061	RMSprop	0.0005	30	0	0	0.8	0	1	0.91	0.81	0.91	0.92	0.9	72	6	64	8	0.28	0.99	0.99	0.96	0.97
convnetTop5Run_2839.out	ImageNetInceptionV2	CHEMBL2004	adam	0.0005	30	0	0	0.8	0	1	0.94	0.87	0.93	1	0.88	23	0	18	3	0.56	0.96	0.98	0.99	1
convnetTop5Run_1190.out	CNNModel	CHEMBL3522	adam	0.0005	30	256	0	0.8	0	1	0.9	0.71	0.86	0.86	0.94	101	17	46	6	0.25	0.93	0.95	0.95	0.96
convnetTop5Run_1370.out	ImageNetInceptionV2	CHEMBL4681	adam	0.001	30	0	0	0.6	0	1	0.88	0.76	0.88	0.83	0.94	58	12	57	4	1	0.94	0.94	0.97	0.97
lowPerformedconvnetFinalRun_37286.out	ImageNetInceptionV2	CHEMBL2304402	RMSprop	0.01	30	0	0	0.8	0	0	0.93	0.81	0.91	0.88	1	7	1	3	0	0.23	0.62	0.86	1	1
convnetTop5Run_3276.out	ImageNetInceptionV2	CHEMBL1844	adam	0.0005	5	0	0	0.8	0	1	0.85	0.71	0.85	0.82	0.89	147	33	150	18	1	0.94	0.94	0.93	0.93
convnetTop5Run_2200.out	CNNModel	CHEMBL4142	adam	0.0005	15	128	0	0.8	0	1	0.87	0.78	0.88	0.98	0.79	45	1	50	12	0.89	0.97	0.97	0.96	0.97
lowPerformedconvnetFinalRun_7627.out	CNNModel	CHEMBL4471	adam	0.0005	15	32	0	0.6	0	0	0.69	0.54	0.74	0.92	0.55	49	4	75	40	0.97	0.81	0.79	0.89	0.91
lowPerformedconvnetFinalRun_63547.out	ImageNetInceptionV2	CHEMBL4696	adam	0.0005	40	0	0	0.6	0	0	0.83	0.69	0.82	0.71	1	22	9	19	0	0.87	0.68	0.67	0.88	0.83
convnetTop5Run_3032.out	CNNModel	CHEMBL3998	adam	0.0005	30	32	0	0.6	0	1	0.85	0.68	0.84	0.85	0.85	40	7	33	7	0.07	0.9	0.91	0.93	0.95
convnetTop5Run_2956.out	ImageNetInceptionV2	CHEMBL4895	RMSprop	0.0001	30	0	0	0.6	0	1	0.78	0.64	0.81	0.89	0.69	25	3	36	11	0.05	0.84	0.82	0.84	0.87
convnetTop5Run_193.out	ImageNetInceptionV2	CHEMBL6166	adam	0.001	15	0	0	0.6	0	1	0.85	0.68	0.83	0.76	0.96	22	7	17	1	0.66	0.91	0.93	0.92	0.93
lowPerformedconvnetFinalRun_41762.out	ImageNetInceptionV2	CHEMBL2758	adam	0.0001	30	0	0	0.8	0	0	0.8	0.77	0.92	0.67	1	2	1	9	0	0.88	0.41	0.33	0.95	0.83
convnetTop5Run_2874.out	CNNModel	CHEMBL5373	adam	0.0005	15	256	0	0.8	0	1	0.83	0.7	0.85	0.9	0.78	53	6	66	15	0.51	0.96	0.97	0.94	0.94
convnetTop5Run_1079.out	CNNModel	CHEMBL4247	RMSprop	0.0005	30	256	0	0.8	0	1	0.86	0.72	0.86	0.89	0.83	151	19	162	32	0.55	0.93	0.94	0.93	0.94
lowPerformedconvnetFinalRun_37977.out	CNNModel	CHEMBL1951	RMSprop	0.0005	30	512	0	0.6	0	0	0.71	0.47	0.73	0.67	0.75	116	56	144	38	0.52	0.76	0.74	0.81	0.79
lowPerformedconvnetFinalRun_38701.out	ImageNetInceptionV2	CHEMBL4071	adam	0.0001	30	0	0	0.6	0	0	0.5	0.53	0.86	1	0.33	1	0	11	2	0.62	0.67	0.56	1	1
convnetTop5Run_1446.out	ImageNetInceptionV2	CHEMBL5804	adam	0.0005	30	0	0	0.6	0	1	0.79	0.56	0.77	0.71	0.91	29	12	21	3	0.99	0.79	0.86	0.85	0.86
convnetTop5Run_1744.out	CNNModel	CHEMBL205	adam	0.001	30	128	0	0.6	0	1	0.88	0.67	0.84	0.91	0.84	70	7	39	13	0.88	0.86	0.9	0.93	0.96
lowPerformedconvnetFinalRun_61208.out	ImageNetInceptionV2	CHEMBL2397	adam	0.0005	40	0	0	0.8	0	0	0.93	0.84	0.91	1	0.86	25	0	17	4	0.92	1	1	1	1
convnetTop5Run_3051.out	ImageNetInceptionV2	CHEMBL2789	adam	0.0005	30	0	0	0.6	0	1	0.95	0.86	0.93	0.95	0.95	36	2	20	2	0.98	0.96	0.96	0.95	0.91
convnetTop5Run_3329.out	ImageNetInceptionV2	CHEMBL5071	adam	0.0005	15	0	0	0.6	0	1	0.95	0.89	0.95	0.94	0.95	348	22	357	18	0.88	0.98	0.98	0.98	0.98
convnetTop5Run_719.out	CNNModel	CHEMBL1827	adam	0.001	30	256	0	0.8	0	1	0.85	0.62	0.82	0.82	0.89	93	21	54	12	0.89	0.89	0.91	0.88	0.9
convnetTop5Run_2815.out	CNNModel	CHEMBL2858	adam	0.001	15	128	0	0.8	0	1	0.93	0.88	0.94	0.92	0.93	71	6	104	5	0.91	0.97	0.97	0.97	0.92
lowPerformedconvnetFinalRun_33874.out	CNNModel	CHEMBL1873	adam	0.001	30	16	0	0.8	0	0	0.5	0.31	0.47	1	0.33	5	0	4	10	0.82	0.54	0.75	0.87	0.96
convnetTop5Run_3019.out	ImageNetInceptionV2	CHEMBL1833	adam	0.001	30	0	0	0.8	0	1	0.78	0.56	0.78	0.75	0.82	174	59	166	38	0.12	0.9	0.91	0.89	0.9
convnetTop5Run_2032.out	CNNModel	CHEMBL2337	adam	0.0001	30	256	0	0.6	0	1	0.92	0.84	0.92	0.97	0.88	114	4	109	16	0.93	0.94	0.95	0.97	0.98
lowPerformedconvnetFinalRun_46640.out	ImageNetInceptionV2	CHEMBL1916	momentum	0.005	40	0	0	0.8	0	0	0.84	0.74	0.85	0.72	1	46	18	58	0	0.88	0.88	0.83	0.97	0.95
convnetTop5Run_2766.out	ImageNetInceptionV2	CHEMBL2276	adam	0.001	15	0	0	0.8	0	1	0.8	0.62	0.8	0.9	0.72	184	21	197	73	0.97	0.87	0.87	0.89	0.9
convnetTop5Run_1911.out	CNNModel	CHEMBL3858	adam	0.001	15	128	0	0.8	0	1	0.93	0.83	0.92	0.97	0.89	34	1	22	4	0.66	0.88	0.95	0.94	0.97
convnetTop5Run_2178.out	CNNModel	CHEMBL4354	RMSprop	0.001	30	256	0	0.6	0	1	0.89	0.78	0.89	0.92	0.85	187	16	188	32	0.82	0.95	0.95	0.94	0.94
convnetTop5Run_1283.out	CNNModel	CHEMBL5469	adam	0.001	30	256	0	0.8	0	1	0.77	0.57	0.78	0.81	0.73	22	5	25	8	0.12	0.75	0.75	0.83	0.85
convnetTop5Run_2700.out	ImageNetInceptionV2	CHEMBL4898	adam	0.001	30	0	0	0.6	0	1	0.84	0.71	0.84	0.96	0.75	27	1	27	9	0.15	0.97	0.97	0.92	0.92
convnetTop5Run_2526.out	CNNModel	CHEMBL220	adam	0.0005	30	32	0	0.8	0	1	0.71	0.49	0.72	0.88	0.6	217	29	227	144	0.95	0.8	0.85	0.84	0.87
convnetTop5Run_664.out	CNNModel	CHEMBL5285	adam	0.0005	30	256	0	0.6	0	1	0.93	0.88	0.94	0.86	1	19	3	26	0	0.87	0.93	0.96	0.99	0.99
convnetTop5Run_1994.out	ImageNetInceptionV2	CHEMBL2304404	adam	0.0001	15	0	0	0.6	0	1	0.89	0.8	0.9	0.86	0.92	24	4	31	2	0.93	0.91	0.85	0.93	0.83
lowPerformedconvnetFinalRun_34059.out	CNNModel	CHEMBL3959	adam	0.005	30	16	0	0.6	0	0	0.9	0.78	0.88	0.82	1	9	2	6	0	0.89	0.85	0.83	0.92	0.93
convnetTop5Run_1941.out	CNNModel	CHEMBL4630	adam	0.0001	15	128	0	0.6	0	1	0.85	0.73	0.86	0.91	0.81	265	26	303	64	0.36	0.91	0.91	0.93	0.94
convnetTop5Run_2725.out	ImageNetInceptionV2	CHEMBL4321	adam	0.0005	30	0	0	0.8	0	1	0.83	0.67	0.84	0.83	0.83	65	13	69	13	1	0.85	0.86	0.91	0.92
convnetTop5Run_2346.out	ImageNetInceptionV2	CHEMBL3802	adam	0.001	15	0	0	0.6	0	1	0.95	0.89	0.94	0.97	0.94	30	1	21	2	0.95	0.99	0.99	0.99	0.99
convnetTop5Run_1352.out	ImageNetInceptionV2	CHEMBL2722	adam	0.001	15	0	0	0.6	0	1	0.94	0.84	0.92	0.94	0.93	96	6	62	7	0.51	0.92	0.94	0.96	0.97
convnetTop5Run_425.out	CNNModel	CHEMBL5299	adam	0.0005	15	32	0	0.6	0	1	0.94	0.86	0.92	1	0.88	29	0	20	4	0.14	0.99	0.99	0.98	0.99
convnetTop5Run_2596.out	CNNModel	CHEMBL4481	adam	0.0005	15	128	0	0.8	0	1	0.81	0.59	0.8	0.82	0.79	106	23	93	28	0.56	0.87	0.87	0.88	0.9
convnetTop5Run_2948.out	CNNModel	CHEMBL1075232	adam	0.0005	15	32	0	0.6	0	1	0.95	0.9	0.95	0.98	0.91	64	1	61	6	0.94	0.96	0.98	0.98	0.99
convnetTop5Run_1223.out	CNNModel	CHEMBL325	adam	0.0005	30	128	0	0.6	0	1	0.8	0.4	0.72	0.7	0.94	68	29	17	4	0.1	0.76	0.74	0.85	0.9
convnetTop5Run_373.out	CNNModel	CHEMBL239	adam	0.0005	30	256	0	0.6	0	1	0.9	0.78	0.89	0.93	0.87	213	16	174	32	0.92	0.92	0.9	0.95	0.95
lowPerformedconvnetFinalRun_38883.out	ImageNetInceptionV2	CHEMBL2916	adam	0.001	30	0	0	0.6	0	0	0.97	0.84	0.95	1	0.94	15	0	3	1	0.01	0.91	0.99	0.96	0.99
convnetTop5Run_3077.out	CNNModel	CHEMBL2285	adam	0.001	30	128	0	0.8	0	1	0.85	0.69	0.84	0.83	0.87	58	12	56	9	0.99	0.88	0.89	0.9	0.89
convnetTop5Run_2481.out	CNNModel	CHEMBL1980	adam	0.001	30	128	0	0.6	0	1	0.79	0.65	0.83	0.85	0.73	33	6	54	12	0.85	0.91	0.9	0.91	0.89
convnetTop5Run_1600.out	ImageNetInceptionV2	CHEMBL4261	adam	0.0001	30	0	0	0.6	0	1	0.83	0.57	0.79	0.79	0.87	26	7	16	4	0.01	0.85	0.81	0.88	0.86
convnetTop5Run_238.out	CNNModel	CHEMBL5401	adam	0.0005	30	128	0	0.8	0	1	0.97	0.95	0.98	1	0.94	17	0	23	1	0.25	0.97	0.98	1	1
convnetTop5Run_2256.out	ImageNetInceptionV2	CHEMBL1075228	RMSprop	0.0005	30	0	0	0.6	0	1	1	1	1	1	1	55	0	50	0	1	1	1	1	1
convnetTop5Run_1243.out	ImageNetInceptionV2	CHEMBL4744	adam	0.0001	30	0	0	0.8	0	1	0.74	0.64	0.82	0.91	0.62	10	1	23	6	0.02	0.82	0.86	0.8	0.79
convnetTop5Run_3359.out	CNNModel	CHEMBL3772	adam	0.0005	15	32	0	0.6	0	1	0.9	0.8	0.9	0.91	0.89	67	7	68	8	0.07	0.95	0.97	0.97	0.97
convnetTop5Run_1160.out	ImageNetInceptionV2	CHEMBL2567	adam	0.0005	30	0	0	0.6	0	1	0.99	0.97	0.99	1	0.97	35	0	43	1	1	1	0.99	1	1
convnetTop5Run_2194.out	CNNModel	CHEMBL3816	adam	0.0005	30	32	0	0.6	0	1	0.9	0.81	0.9	0.97	0.84	32	1	31	6	0.69	0.81	0.86	0.96	0.97
lowPerformedconvnetFinalRun_46898.out	CNNModel	CHEMBL3286	adam	0.0005	40	128	0	0.8	0	0	0.7	0.59	0.77	0.95	0.56	38	2	69	30	0.81	0.75	0.76	0.87	0.87
convnetTop5Run_3084.out	ImageNetInceptionV2	CHEMBL290	adam	0.0005	15	0	0	0.8	0	1	0.84	0.71	0.85	0.95	0.75	18	1	21	6	0.94	0.88	0.9	0.94	0.94
convnetTop5Run_1254.out	CNNModel	CHEMBL1875	adam	0.0005	15	128	0	0.8	0	1	0.87	0.79	0.89	0.95	0.81	69	4	95	16	0.81	0.96	0.96	0.94	0.89
convnetTop5Run_3224.out	ImageNetInceptionV2	CHEMBL2871	RMSprop	0.001	15	0	0	0.6	0	1	0.91	0.82	0.91	0.89	0.92	169	20	183	14	0.21	0.97	0.96	0.97	0.96
convnetTop5Run_786.out	ImageNetInceptionV2	CHEMBL3037	adam	0.0005	15	0	0	0.6	0	1	0.77	0.63	0.79	0.95	0.65	20	1	25	11	0.34	0.91	0.94	0.94	0.95
lowPerformedconvnetFinalRun_64100.out	ImageNetInceptionV2	CHEMBL1075138	momentum	0.005	40	0	0	0.8	0	0	0.42	0.16	0.58	0.62	0.31	202	124	573	440	0.92	0.57	0.58	0.6	0.58
convnetTop5Run_1922.out	CNNModel	CHEMBL4701	adam	0.0005	30	256	0	0.6	0	1	0.91	0.78	0.89	0.91	0.91	21	2	13	2	0.05	0.96	0.94	0.92	0.96